Index,vm_pu_bus1,vm_pu_bus2,vm_pu_bus3,vm_pu_bus4,vm_pu_bus5,vm_pu_bus6,vm_pu_bus7,vm_pu_bus8,vm_pu_bus9,va_degree_bus1,va_degree_bus2,va_degree_bus3,va_degree_bus4,va_degree_bus5,va_degree_bus6,va_degree_bus7,va_degree_bus8,va_degree_bus9,Cluster
0,0,0.029171839,0,0.058848987,0.164630322,0.057972865,0.058266499,0.040639928,0.045819749,0,0.052413793,0.067758534,0.081315923,0.091694041,0.069143703,0.076351774,0.065692514,0.074003222,3
1,0,0.01619292,0.5,0.028590446,0.122365914,0.021484538,0.026231311,0.022558712,0.034294964,0,0.019084038,0.021339921,0.030891107,0.029159612,0.022158907,0.025043579,0.023918864,0.034207791,3
2,0,0.032780538,0.25,0.068370121,0.166328985,0.05752292,0.055990254,0.045667286,0.060311601,0,0.055892537,0.065682487,0.084579624,0.085720345,0.06695622,0.075891774,0.070052577,0.086151847,3
3,0,0.025505844,0.5,0.053538681,0.159297106,0.04863097,0.046664601,0.03553275,0.045542409,0,0.032832229,0.042184182,0.057280331,0.061657197,0.042473083,0.042658357,0.041150078,0.055559161,3
4,0,0.021406681,0.5,0.044122569,0.153333882,0.041847013,0.039256447,0.029822117,0.039279071,0,0.017081886,0.021947273,0.030807652,0.030420604,0.02132476,0.020858167,0.021409479,0.033393367,3
5,0,0.039864207,0.25,0.064400114,0.16280712,0.066151446,0.073948511,0.0555357,0.066463651,0,0.028600421,0.038619614,0.037724268,0.040530786,0.03738692,0.045132974,0.035846166,0.038054275,3
6,0,0.046208599,0,0.08618029,0.181300366,0.075074846,0.076177446,0.064374212,0.086041605,0,0.039234069,0.046489828,0.060199624,0.05645732,0.045155372,0.049614092,0.049173786,0.06714815,3
7,0,0.021925249,0.5,0.050646243,0.150982938,0.035405294,0.029569913,0.030544545,0.050042071,0,0.023709696,0.030617916,0.041436335,0.044951521,0.031066583,0.031502326,0.029716406,0.040574057,3
8,0,0.051958638,0,0.098341561,0.194943721,0.089340469,0.090883973,0.072384718,0.09042079,0,0.059941395,0.076388131,0.093578377,0.100476397,0.07609432,0.082293559,0.075127188,0.090755137,3
9,0,0.024364203,0.5,0.049337758,0.160840813,0.046862132,0.042635333,0.033942305,0.045530009,0,0.010437216,0.01971651,0.020879468,0.027683855,0.018574036,0.016668342,0.013081422,0.017074204,3
10,0,0.061251167,0.25,0.118860492,0.206128845,0.09708021,0.095982512,0.085330343,0.116374819,0,0.06643121,0.08305893,0.102449075,0.108018853,0.082667033,0.090059297,0.08326116,0.101482065,3
11,0,0.047364896,0,0.092191744,0.189547933,0.081340581,0.080984022,0.065985074,0.085045566,0,0.054353442,0.066078274,0.085929058,0.086968983,0.065649076,0.070582842,0.068123561,0.088394367,3
12,0,0.013196357,0,0.028446969,0.122259989,0.017585973,0.019181605,0.018384134,0.031008192,0,0.028357246,0.030512938,0.044326455,0.04205063,0.032253202,0.037310072,0.035541385,0.048028888,3
13,0,0.063483215,0,0.11342922,0.202391272,0.103809365,0.110590227,0.088439859,0.109678714,0,0.06667428,0.084785991,0.101978896,0.108696671,0.084026286,0.091942337,0.08356581,0.099768698,3
14,0,0.008303234,1,0.015614707,0.125796222,0.022274035,0.02457732,0.011567418,0.009228216,0,0.021856376,0.026392948,0.030642433,0.031689234,0.027505235,0.034182127,0.027393559,0.030860459,3
15,0,0.037751366,0.25,0.063737417,0.158973695,0.062576626,0.070479462,0.052592256,0.062791344,0,0.042047481,0.052770049,0.060903566,0.064086233,0.052779745,0.061100266,0.052699959,0.060650525,3
16,0,0.016818492,0.5,0.032078651,0.14062686,0.038215049,0.041469793,0.02343021,0.021017719,0,0.039107842,0.050000604,0.059252302,0.066545484,0.05159051,0.058856186,0.049015579,0.054041522,3
17,0,0.043376278,0.25,0.075270124,0.18022428,0.080279917,0.085691667,0.060428444,0.066872447,0,0.044890522,0.057271222,0.064580365,0.067321068,0.056307477,0.064764743,0.056263268,0.065072595,3
18,0,0.009890587,0,0.01860745,0.123403749,0.019287006,0.021406071,0.013778794,0.01792602,0,0.015407449,0.016660948,0.022780364,0.019822252,0.017315295,0.021533393,0.019310833,0.026903431,3
19,0,0.046381355,0.5,0.095407248,0.188625158,0.074227788,0.068865143,0.064614882,0.093213579,0,0.051265911,0.061977624,0.077386156,0.078251311,0.061780119,0.068999775,0.064253823,0.080221198,3
20,0,0.018588344,0,0.034789982,0.12891981,0.02731818,0.031313947,0.025895829,0.037133942,0,0.029361199,0.03392087,0.045417515,0.045427977,0.035188152,0.040320385,0.036799683,0.047219056,3
21,0,0.002280181,1,0.01063166,0.127597321,0.016444435,0.013569704,0.00317657,0,0,0.015840748,0.021282456,0.027602393,0.031822369,0.022465047,0.024199991,0.019853906,0.0246938,3
22,0,0.049361501,0,0.085299052,0.17146143,0.074799139,0.082669518,0.068766588,0.089649484,0,0.047362317,0.059736613,0.069589687,0.073316668,0.059342004,0.067397948,0.059361277,0.069530832,3
23,0,0.011270615,0.5,0.035072847,0.150378605,0.031535555,0.02281892,0.01570134,0.020875353,0,0.031735329,0.039656425,0.051718222,0.056198105,0.041014626,0.044570476,0.039775285,0.049261126,3
24,0,0.031617014,0.25,0.058686266,0.157919808,0.052268998,0.053799132,0.044046356,0.059011193,0,0.026043748,0.032374531,0.041532988,0.041061458,0.031717578,0.034212073,0.032641776,0.044653725,3
25,0,0.005855114,0.5,0.02047943,0.135597623,0.021716414,0.016465072,0.008156888,0.008897391,0,0.024953292,0.031286649,0.038756965,0.042668481,0.032779403,0.037584994,0.031275059,0.03641076,3
26,0,0.018270132,0.25,0.033177201,0.134644419,0.033168424,0.037083106,0.025452521,0.030379838,0,0.030615745,0.035972174,0.04459601,0.044613514,0.03695558,0.044020381,0.03837206,0.04631659,3
27,0,0.047565371,0.25,0.095959422,0.194446387,0.082767067,0.079634833,0.06626436,0.086761902,0,0.059402659,0.073224741,0.09247425,0.09616967,0.073188238,0.079693003,0.074451967,0.092540182,3
28,0,0.037588544,0,0.064244633,0.160566926,0.060505157,0.065687006,0.052365425,0.067048324,0,0.030060935,0.037127028,0.040563308,0.039354491,0.0362011,0.043905333,0.037676693,0.044583812,3
29,0,0.028202907,0,0.054357182,0.169484177,0.061747395,0.06148372,0.039290088,0.03960101,0,0.037820766,0.052372625,0.058192768,0.068054607,0.052415004,0.057694077,0.04740243,0.051371246,3
30,0,0.046210678,1,0.085083037,0.171278751,0.069794512,0.074052408,0.064377108,0.087720089,0,0.050874284,0.060489433,0.076738845,0.076459161,0.060510616,0.068034394,0.063762979,0.080306822,3
31,0,0.049369516,0.25,0.092294918,0.183805615,0.07994943,0.082564928,0.068777754,0.089646112,0,0.055943656,0.072085375,0.085455512,0.093723193,0.072174278,0.079525437,0.070116647,0.081259266,3
32,0,0.025943247,0.25,0.049912774,0.14762076,0.042620525,0.04395229,0.036142106,0.049472029,0,0.033327868,0.03698299,0.04804744,0.043711475,0.037348204,0.044672763,0.041771284,0.054378949,3
33,0,0.050122924,0,0.08432118,0.177554472,0.080885152,0.088944805,0.069827344,0.086160818,0,0.040034971,0.053083092,0.058052469,0.062593381,0.051784599,0.058669933,0.050177591,0.057299295,3
34,0,0.051025578,0.25,0.104185479,0.196176828,0.082742057,0.078173408,0.071084852,0.099496765,0,0.061567113,0.076499947,0.094667402,0.100095263,0.076692681,0.084213511,0.077164773,0.093406314,3
35,0,0.04542798,0.25,0.0982399,0.200079003,0.081556318,0.073248867,0.063286715,0.085655681,0,0.062474715,0.077988592,0.097643844,0.1040022,0.078370757,0.085085331,0.07830231,0.095258121,3
36,0,0.020203467,0,0.04287526,0.138595187,0.028708168,0.026907194,0.028145892,0.046815502,0,0.02082207,0.026372704,0.03492772,0.037481467,0.027014552,0.028775776,0.026097217,0.034751642,3
37,0,0.001297152,0.5,0,0.10735842,0.00455085,0.007774076,0.001807092,0.002380941,0,0,0.001311492,0,0.000935537,0.001975362,0.003978425,0,0,3
38,0,0.029222089,0.25,0.054263502,0.153805448,0.048812921,0.050331541,0.040709932,0.054165207,0,0.029085536,0.034464726,0.041626036,0.039604025,0.034204367,0.040524763,0.036454183,0.046022656,3
39,0,0.008170047,0,0.018782083,0.132097642,0.021866296,0.019981197,0.011381871,0.01345139,0,0.008787541,0.014973203,0.017474115,0.022967899,0.015322263,0.015123348,0.011013811,0.013780739,3
40,0,0.035982986,1,0.07158243,0.181349146,0.070627965,0.068488705,0.050128686,0.058924943,0,0.042288671,0.0572888,0.068396523,0.077481324,0.05702719,0.060118294,0.053002252,0.062827155,3
41,0,0.042575559,0.25,0.076213982,0.166239044,0.066764063,0.072487377,0.059312944,0.077272224,0,0.046851674,0.054370126,0.069861059,0.06688939,0.054186589,0.061760388,0.058721265,0.075669758,3
42,0,0.024150352,0,0.046544042,0.147018618,0.044427456,0.047503131,0.033644384,0.039778802,0,0.044924377,0.053427278,0.067434511,0.069439812,0.054802804,0.063001503,0.056305698,0.067594868,3
43,0,0.019690342,1,0.036607841,0.125961366,0.022104511,0.024741585,0.027431046,0.047571578,0,0.013846335,0.013809191,0.022779547,0.017945392,0.014060055,0.015929897,0.017354221,0.029344673,3
44,0,0.029418271,0.25,0.062714796,0.169101189,0.057440589,0.054366204,0.040983238,0.050860936,0,0.045581907,0.057019645,0.073901606,0.078887991,0.057697838,0.061546427,0.057129811,0.071784431,3
45,0,0.029810785,1,0.056005233,0.156447337,0.05038707,0.051643701,0.041530059,0.054850837,0,0.02720234,0.036513253,0.044384523,0.048954488,0.036280599,0.038397861,0.03409389,0.042709492,3
46,0,0.038400312,0.5,0.074143208,0.166184022,0.061841948,0.06414036,0.053496316,0.071430085,0,0.050758095,0.060354903,0.080452083,0.081386238,0.060944679,0.066221923,0.063617355,0.082468958,3
47,0,0.016045784,0.25,0.033400997,0.140992023,0.033325575,0.033075602,0.022353734,0.026638581,0,0.026931105,0.037908542,0.043893265,0.053604553,0.039014956,0.042168132,0.033753939,0.036619538,3
48,0,0.012746427,0.25,0.032154744,0.132690036,0.019476957,0.01496897,0.017757326,0.033761229,0,0.017213269,0.018082438,0.027928413,0.024483669,0.018821637,0.021413152,0.021574148,0.032966123,3
49,0,0.044203876,0.5,0.095570771,0.198049847,0.080349503,0.072565365,0.061581389,0.08240564,0,0.062811192,0.075731112,0.097315746,0.099518069,0.076044124,0.083427145,0.078724031,0.098691014,3
50,0,0.036328479,0.25,0.059960537,0.145069508,0.052520827,0.063123572,0.05061,0.065417041,0,0.043892264,0.049776173,0.063600997,0.060346133,0.050309226,0.059349394,0.055012106,0.069180173,3
51,0,0.020053207,0.25,0.039219266,0.133543923,0.029198278,0.031222616,0.027936562,0.042061479,0,0.027835388,0.033112253,0.043377696,0.044501661,0.034186362,0.038729767,0.034887317,0.044323473,3
52,0,0.038800597,0.25,0.076525448,0.174912399,0.064125933,0.062377374,0.054053962,0.074611742,0,0.032614903,0.04406107,0.057281633,0.062999728,0.043353423,0.042376438,0.040877694,0.055154531,3
53,0,0.038532451,0.25,0.062989432,0.156248438,0.0617096,0.07101298,0.053680403,0.064946588,0,0.038021675,0.04739523,0.054047677,0.05558458,0.047094739,0.055251776,0.047654238,0.055362749,3
54,0,0.027657961,0.5,0.041554659,0.138670442,0.042131017,0.050177456,0.038530912,0.049092732,0,0.011779926,0.016882501,0.014812023,0.015118674,0.015887625,0.020061974,0.0147643,0.016849366,3
55,0,0.036132839,0.5,0.063976297,0.165741852,0.064350865,0.06846757,0.050337449,0.059311698,0,0.040006978,0.050656254,0.056569297,0.059474618,0.050390212,0.059129928,0.050142506,0.056600065,3
56,0,0.03517431,0.5,0.063730484,0.170305712,0.064025639,0.064917737,0.049002102,0.059649573,0,0.026906257,0.038028826,0.039085261,0.044300758,0.036909605,0.041740644,0.033722796,0.037117897,3
57,0,0.02956431,0.5,0.054548043,0.145815762,0.042008753,0.044609947,0.041186688,0.060793766,0,0.026371145,0.032762467,0.040301298,0.04153506,0.032879158,0.037063716,0.033052116,0.041732717,3
58,0,0,0.25,0.003315414,0.1071922,0,0,0,0.005439294,0,0.00627498,0.009733986,0.012462532,0.017184502,0.011315031,0.012511383,0.007864708,0.008988265,3
59,0,0.009088636,0,0.010833253,0.111258298,0.012398238,0.018923786,0.012661579,0.017907801,0,7.36E-05,0,0.002318488,0,0,0,9.22E-05,0.00574609,3
60,0,0.01622217,0.5,0.027058705,0.122360667,0.023532128,0.029910262,0.02259946,0.031144986,0,0.019628461,0.019694355,0.032526796,0.026797212,0.020249779,0.022583117,0.024601214,0.039472224,3
61,0,0.027944585,0.5,0.059210044,0.155405506,0.045461036,0.043778946,0.038930214,0.056416674,0,0.038847382,0.046832446,0.065290563,0.067441455,0.047674809,0.04966052,0.048689134,0.065790924,3
62,0,0.051327362,0.25,0.097469906,0.192236824,0.085673136,0.086713292,0.071505273,0.092640154,0,0.053168826,0.066698589,0.084915236,0.088453274,0.065998032,0.069988351,0.06663883,0.085265923,3
63,0,0.02735144,0.25,0.058505396,0.170938178,0.05547069,0.04962758,0.038103891,0.048185841,0,0.029987397,0.044648014,0.048087912,0.060185882,0.044610413,0.047441304,0.037584525,0.039444759,3
64,0,0.047975282,0,0.084883768,0.18532099,0.084478677,0.089412583,0.066835417,0.078641834,0,0.047700385,0.060984465,0.070963853,0.074447368,0.05997381,0.067167628,0.059784993,0.071054585,3
65,0,0.0202407,1,0.038082821,0.147187087,0.040894957,0.041447925,0.028197763,0.032754382,0,0.022814462,0.028980637,0.032531397,0.033455744,0.02891582,0.034432852,0.02859437,0.033667253,3
66,0,0.015846885,0.5,0.03595795,0.130271808,0.020771129,0.019227462,0.022076643,0.039956343,0,0.021824186,0.024634564,0.037718168,0.036940398,0.025734346,0.02713674,0.027353213,0.040357281,3
67,0,0.025963753,0.25,0.050887368,0.163601717,0.052339766,0.049967922,0.036170673,0.043588249,0,0.018754099,0.030296076,0.032553935,0.041217455,0.029489652,0.029514853,0.023505337,0.026965866,3
68,0,0.03025031,0.5,0.06731935,0.174096276,0.057640647,0.050963347,0.04214237,0.057090945,0,0.040921154,0.04940724,0.065520004,0.066191092,0.049542299,0.053325162,0.051288283,0.06763801,3
69,0,0.020182901,0.25,0.033292006,0.139587815,0.036817315,0.040633496,0.028117242,0.033547043,0,0.009480043,0.016279264,0.017015473,0.021209296,0.015629441,0.015835732,0.011881756,0.015094468,3
70,0,1,0.25,0.489395789,0.404157536,0.440595779,0.549777616,0.760011616,0.563918007,0,0.608756695,0.367503912,0.451523063,0.417214692,0.362281469,0.42874591,0.531115927,0.49145568,4
71,0,1,0.25,0.50134966,0.419713482,0.454785371,0.563141212,0.766431191,0.573981312,0,0.611985065,0.378607519,0.448198684,0.425919088,0.373154377,0.444006292,0.534234306,0.477512842,4
72,0,1,0.25,0.51197659,0.415940663,0.457811709,0.571319007,0.773346808,0.591210172,0,0.635907651,0.396372315,0.482918969,0.449203519,0.391939212,0.466511687,0.56321901,0.522064602,4
73,0,1,0.5,0.504538319,0.420250425,0.456956338,0.566570576,0.767645825,0.57510323,0,0.635080153,0.399087333,0.482086469,0.452682865,0.394903095,0.470285349,0.563004939,0.517235935,4
74,0,1,0.5,0.521343466,0.439904924,0.478989395,0.590767066,0.778140784,0.589784406,0,0.638029462,0.406688085,0.48701081,0.464688602,0.401478589,0.474145229,0.56518682,0.515928791,4
75,0,1,0.5,0.47400724,0.383134641,0.421232233,0.53131467,0.751789,0.551842981,0,0.609511588,0.368509248,0.453090601,0.419639116,0.364725299,0.433487561,0.533251933,0.491927961,4
76,0,1,0.25,0.508928937,0.431120931,0.466342385,0.575008741,0.77033249,0.576818399,0,0.623212121,0.38613817,0.466914763,0.436604517,0.380392869,0.450816016,0.547742238,0.503276092,4
77,0,1,0,0.486849129,0.413804573,0.447257755,0.554272941,0.757338253,0.549617515,0,0.624286243,0.395962004,0.473686203,0.456855011,0.392245188,0.462876838,0.550966477,0.497298589,4
78,0,1,0.5,0.53427156,0.454123583,0.469182501,0.562809632,0.774317578,0.602999456,0,0.627040699,0.391581897,0.480845806,0.454069433,0.386014402,0.450528999,0.551965589,0.514150779,4
79,0,1,0.5,0.478874325,0.38790056,0.43629207,0.554330174,0.759175046,0.556256171,0,0.619142152,0.381235809,0.458297802,0.428228529,0.377270903,0.452137925,0.544253464,0.494056919,4
80,0,1,0,0.520273936,0.427206326,0.448096329,0.545739254,0.768309002,0.597642031,0,0.626977382,0.390675899,0.482266714,0.455661791,0.386532831,0.452043102,0.552753597,0.515131019,4
81,0,1,1,0.512316362,0.435104584,0.462418332,0.565126856,0.768771882,0.580741428,0,0.614504529,0.378014068,0.45977673,0.431939554,0.371981317,0.437145503,0.537053973,0.494100206,4
82,0,1,0.25,0.497454663,0.406176028,0.450576906,0.565866995,0.767375995,0.574827624,0,0.621803605,0.386312507,0.464963178,0.439009728,0.381691362,0.452993971,0.546403833,0.497192366,4
83,0,1,0.5,0.539356731,0.460112341,0.493550679,0.601340789,0.785071335,0.60470246,0,0.652031751,0.418898805,0.506067767,0.478883951,0.413512229,0.488136418,0.58173767,0.539299656,4
84,0,1,0,0.498083862,0.414132184,0.450094992,0.559084427,0.764308867,0.570380414,0,0.616163463,0.380263194,0.463606163,0.4371095,0.375256014,0.441265336,0.53977793,0.496374918,4
85,0,1,1,0.514706316,0.440393825,0.472660669,0.57921388,0.771902037,0.578385388,0,0.632591019,0.399550315,0.482207883,0.456961372,0.394291017,0.465127947,0.559270645,0.513771382,4
86,0,1,0.25,0.497725187,0.422699725,0.459664494,0.569525533,0.764882629,0.562226136,0,0.62641478,0.399420936,0.474171705,0.45953955,0.395068834,0.465940432,0.552543445,0.495968839,4
87,0,1,0.25,0.518676746,0.440551243,0.459568563,0.555960504,0.767237068,0.583871061,0,0.636413305,0.403079301,0.493872396,0.468683504,0.398987994,0.467875248,0.564734879,0.525209456,4
88,0,1,0.25,0.514064735,0.428088533,0.464675134,0.574359132,0.772951904,0.58689302,0,0.62622978,0.39166614,0.475645345,0.450399584,0.386422228,0.454092168,0.551146298,0.507315854,4
89,0,1,0,0.511408255,0.419663617,0.465997133,0.582996693,0.774908293,0.585643812,0,0.643877367,0.408023943,0.498682012,0.469353215,0.403822675,0.476755887,0.572982498,0.533535711,4
90,0,1,0.25,0.50640781,0.408820398,0.453593618,0.569210039,0.771963372,0.588166751,0,0.628539909,0.390365385,0.469152164,0.438689124,0.38581277,0.461313169,0.554184358,0.505531212,4
91,0,1,0,0.509838503,0.43782655,0.457295595,0.553989024,0.763406144,0.571917033,0,0.627937072,0.394707314,0.480308018,0.455413898,0.390195005,0.458952821,0.554664779,0.511509544,4
92,0,1,1,0.519359176,0.43288708,0.474295527,0.587738774,0.778160588,0.592779344,0,0.633001719,0.397443012,0.475457591,0.447376266,0.3919222,0.466496358,0.558882472,0.509792612,4
93,0,1,0.25,0.499617648,0.410211759,0.457277856,0.574677816,0.768857063,0.571744786,0,0.643684413,0.408073267,0.498859926,0.469454161,0.404490309,0.478660541,0.573614105,0.533590439,4
94,0,1,0.5,0.490559259,0.394625913,0.450470192,0.574347354,0.768447995,0.570603704,0,0.626908198,0.387724752,0.469208921,0.436658832,0.383209202,0.457604814,0.552646812,0.507203549,4
95,0,1,0.25,0.492733072,0.401713639,0.4326591,0.537607894,0.758692962,0.57073261,0,0.610137116,0.372546896,0.4571821,0.429840155,0.368235377,0.433078057,0.533036784,0.49073956,4
96,0,1,0.25,0.524409913,0.429763888,0.464807789,0.573310164,0.775807011,0.598080039,0,0.662177314,0.429812314,0.526214032,0.501004535,0.427207824,0.503382166,0.595788975,0.556984234,4
97,0,1,0.5,0.482707717,0.40321922,0.450226829,0.567473691,0.761315262,0.55139325,0,0.618467755,0.385328519,0.462345326,0.438842721,0.380663757,0.451053286,0.543098723,0.492153972,4
98,0,1,0.25,0.512038731,0.415572516,0.459532866,0.574639548,0.77420378,0.591126633,0,0.638720166,0.398971612,0.48691144,0.452466866,0.394597595,0.46962455,0.566620398,0.526637242,4
99,0,1,0.25,0.462129139,0.386996067,0.421106225,0.528258543,0.745843766,0.533284567,0,0.582107579,0.344252551,0.413774679,0.386989299,0.338793191,0.402455176,0.49976656,0.447111177,4
100,0,1,0.25,0.530178371,0.448845516,0.471403128,0.570641046,0.775021916,0.597840268,0,0.641075337,0.408988835,0.495765269,0.472393575,0.404473537,0.475692796,0.569454198,0.525602584,4
101,0,1,0,0.526513789,0.444826183,0.482654658,0.593551767,0.779592564,0.592366249,0,0.653642343,0.422979775,0.512909931,0.489785728,0.418643432,0.492145929,0.584545808,0.542110475,4
102,0,1,0.5,0.508626256,0.418741774,0.450120873,0.555625154,0.767609941,0.585628433,0,0.620805312,0.379887102,0.463825643,0.429315388,0.37485198,0.445546406,0.545118836,0.504030408,4
103,0,1,0,0.488056655,0.420156671,0.446412556,0.548083088,0.756034328,0.550975346,0,0.601188274,0.369405839,0.443193237,0.423379094,0.363904699,0.427566304,0.522205439,0.470133894,4
104,0,1,1,0.483409231,0.405133016,0.440180162,0.548335275,0.757512459,0.556081899,0,0.591492454,0.356494404,0.424538043,0.401856742,0.350536844,0.41509161,0.509839375,0.454352987,4
105,0,1,0.25,0.523038595,0.45492345,0.481905873,0.584644282,0.774009641,0.580718592,0,0.642988374,0.414676423,0.497488168,0.477976021,0.409816238,0.48208978,0.571997944,0.523683359,4
106,0,1,0.5,0.509185168,0.434329794,0.46238716,0.565596936,0.76690649,0.573344367,0,0.632313558,0.399481516,0.479815504,0.454981706,0.394941609,0.468470834,0.559644239,0.51095755,4
107,0,1,0,0.492087539,0.413230286,0.455125851,0.568607794,0.764351997,0.561223921,0,0.618000836,0.385569766,0.457568768,0.435346594,0.380576042,0.452810971,0.542074559,0.486477927,4
108,0,1,0.25,0.508291786,0.427099688,0.445664757,0.541532065,0.762274028,0.579848092,0,0.610480107,0.375069925,0.456256476,0.431530173,0.370014882,0.434626991,0.532948842,0.487753203,4
109,0,1,0.25,0.515608847,0.450146922,0.482526244,0.589333494,0.773490283,0.574352192,0,0.626041977,0.397452084,0.470106254,0.451797441,0.391352204,0.461866702,0.550833222,0.495642225,4
110,0,1,0.25,0.476695832,0.378091841,0.421435976,0.535450119,0.755720564,0.562018462,0,0.603172066,0.361194086,0.438655658,0.405352279,0.356887779,0.426987433,0.524737216,0.477671474,4
111,0,1,0.5,0.476457906,0.391032814,0.433918186,0.547809165,0.756578346,0.553134709,0,0.598176549,0.363518247,0.431344686,0.408948527,0.358490819,0.426977531,0.518351994,0.460628883,4
112,0,1,0.5,0.523001673,0.440015739,0.460371153,0.557791728,0.770264602,0.59311786,0,0.629988582,0.393888731,0.483218501,0.455040379,0.389102648,0.45676957,0.556245276,0.517549434,4
113,0,1,0,0.49927833,0.429242779,0.467635826,0.578702919,0.766167539,0.558095991,0,0.637624149,0.409990386,0.49242434,0.474529385,0.405810146,0.477267874,0.566406988,0.516853603,4
114,0,1,0.5,0.508036429,0.421597126,0.46257781,0.575498779,0.772084656,0.582563395,0,0.624903162,0.388429102,0.462994278,0.434342647,0.3831083,0.458050928,0.549608756,0.497901971,4
115,0,1,0,0.505223286,0.425006871,0.46655528,0.579971698,0.769905773,0.570422646,0,0.64472265,0.413448866,0.502767483,0.479350773,0.409584943,0.481817825,0.574763942,0.532094632,4
116,0,1,0.25,0.490013335,0.396585067,0.442423862,0.5586695,0.764053021,0.569950415,0,0.614099659,0.371532156,0.455749303,0.41939383,0.366460311,0.435638107,0.537228249,0.49744986,4
117,0,1,0.25,0.531883378,0.449028234,0.478407741,0.582885732,0.77867618,0.599307768,0,0.650353354,0.417564781,0.508242771,0.482491446,0.413151502,0.486123776,0.580555695,0.540005404,4
118,0,1,0.5,0.508706525,0.432514878,0.452857996,0.550159012,0.763345031,0.57541574,0,0.617936964,0.383555292,0.466503753,0.441674188,0.37858171,0.444790328,0.542140036,0.497899835,4
119,0,1,0.25,0.499454485,0.428050899,0.461843466,0.569357115,0.764726874,0.561848918,0,0.624794823,0.395348752,0.470686211,0.451773614,0.390560217,0.461755389,0.550535589,0.496469976,4
120,0,1,0.25,0.487817452,0.41590907,0.448654046,0.555213712,0.758835717,0.554225942,0,0.60019761,0.368011721,0.438426074,0.418419019,0.362255538,0.427326172,0.520558515,0.465628766,4
121,0,1,0.25,0.483296167,0.397560527,0.435611685,0.545899327,0.757050606,0.556725976,0,0.614976657,0.379696045,0.460608039,0.435246078,0.375672296,0.444363647,0.539339979,0.492140762,4
122,0,1,0.25,0.493583558,0.411752415,0.456976494,0.57299316,0.766117303,0.563414088,0,0.624459207,0.392365825,0.469720799,0.447616185,0.38771344,0.459073581,0.549914045,0.498308404,4
123,0,1,0.25,0.453348371,0.367378622,0.41292798,0.528526381,0.745812784,0.533022197,0,0.578437428,0.335882843,0.4067133,0.373787269,0.330420986,0.394775273,0.495171089,0.445567732,4
124,0,1,0.5,0.513214589,0.427797121,0.459869163,0.566055636,0.769329063,0.581697098,0,0.647789287,0.415449924,0.509378358,0.484907413,0.4121964,0.483934198,0.578690765,0.539653748,4
125,0,1,0.25,0.472292224,0.380686959,0.422940345,0.536168381,0.752644804,0.550230425,0,0.611577552,0.372050248,0.455783141,0.424458748,0.368391362,0.437621336,0.535717385,0.492608854,4
126,0,1,0,0.503159498,0.407138184,0.457597307,0.577554936,0.773109956,0.584368736,0,0.62248233,0.384571014,0.463415787,0.433921585,0.379333582,0.451058116,0.546426645,0.498977999,4
127,0,1,0.25,0.462647369,0.378222826,0.417937939,0.529214607,0.748563548,0.542216255,0,0.577343601,0.335371264,0.401620104,0.369772151,0.329519348,0.395215602,0.493401545,0.439780837,4
128,0,1,0.5,0.518552971,0.433453132,0.460952286,0.563753481,0.771004161,0.589988588,0,0.629609132,0.397193476,0.483100815,0.461150161,0.392595881,0.45979242,0.555662925,0.511710808,4
129,0,1,0.25,0.48370734,0.418222775,0.447019779,0.550603529,0.755300596,0.545877319,0,0.596318058,0.365313944,0.43434395,0.415974228,0.359485804,0.423441894,0.516207562,0.460065978,4
130,0,1,0,0.453528131,0.362937889,0.410704195,0.527918993,0.746632234,0.536515367,0,0.579168314,0.336951331,0.406740058,0.374858718,0.331721079,0.396863008,0.495968379,0.444643312,4
131,0,1,1,0.512805799,0.428064224,0.460942624,0.567777014,0.770434915,0.584146092,0,0.628593586,0.393003487,0.480493907,0.453153088,0.388115632,0.455976321,0.554472277,0.513945288,4
132,0,1,0,0.47806456,0.406521847,0.437389755,0.542432964,0.752537594,0.543819071,0,0.59536672,0.363613306,0.438812187,0.42023604,0.358347184,0.419040031,0.515415158,0.464524743,4
133,0,1,0.5,0.511495752,0.411210562,0.463411036,0.584776743,0.777263735,0.592395063,0,0.644459382,0.40730011,0.494320435,0.463681704,0.40323091,0.479451398,0.5733722,0.530435092,4
134,0,1,0.5,0.502970439,0.424946282,0.452049878,0.554411249,0.763039956,0.570313766,0,0.620586373,0.383829908,0.470873572,0.441796141,0.378932423,0.445481897,0.545504752,0.50593279,4
135,0,1,0.25,0.529881888,0.435436425,0.474433087,0.5860664,0.78120818,0.605370444,0,0.65263038,0.420092373,0.509923889,0.485627964,0.416134585,0.490382022,0.583044583,0.540285618,4
136,0,1,0,0.499556507,0.414877711,0.459386251,0.574902941,0.768176298,0.56905841,0,0.638306072,0.404436651,0.491793545,0.465410273,0.400452453,0.472998066,0.566971508,0.523927967,4
137,0,1,1,0.495467783,0.40790781,0.45033653,0.564154565,0.765717208,0.570527483,0,0.617767985,0.381951845,0.461503643,0.435127016,0.377044873,0.446163294,0.541585446,0.494154162,4
138,0,1,0.25,0.519461455,0.426133407,0.463849912,0.574351378,0.775613748,0.596479473,0,0.634690368,0.399745857,0.486536288,0.460548262,0.395121164,0.465087857,0.561366256,0.518740376,4
139,0,1,0.5,0.494647586,0.416778537,0.456537382,0.568452574,0.764169791,0.560779157,0,0.626721773,0.394464994,0.477120566,0.454124219,0.389989348,0.459444547,0.553031224,0.506394588,4
140,0,1,0.5,0.447413182,0.091080281,0.994632487,0.867598147,0.878241888,0.694259322,0,0.990171349,0.989854189,0.782586864,0.634035802,0.989513399,0.989756241,0.99222023,0.91669488,2
141,0,1,0.25,0.44598799,0.090051378,0.987192791,0.85876522,0.875300517,0.692313806,0,0.986377963,0.986542445,0.778423773,0.63360692,0.986476059,0.987161586,0.987883439,0.909290936,2
142,0,1,0,0.424704285,0.086530246,0.979539874,0.849679499,0.863633076,0.657167382,0,0.940578173,0.926244593,0.741639953,0.620737045,0.92251038,0.92309425,0.932139024,0.851971445,2
143,0,1,1,0.423985374,0.049332341,0.9682331,0.836256499,0.867453669,0.683577029,0,0.954838193,0.938595244,0.751946928,0.613666294,0.936486117,0.937915964,0.94946832,0.877135519,2
144,0,1,0,0.434813215,0.08069217,0.977847595,0.847670434,0.869026867,0.679594292,0,0.96363578,0.957167787,0.756221296,0.620573444,0.955695632,0.956691096,0.960271057,0.879293628,2
145,0,1,0.5,0.424164614,0.056351583,0.970198225,0.838589368,0.866632063,0.678443281,0,0.956517828,0.941283774,0.756229584,0.620195541,0.939227896,0.940557992,0.951690313,0.879438075,2
146,0,1,0.5,0.405771686,0.044617601,0.976521237,0.846095803,0.862318863,0.656090426,0,0.94762464,0.935499896,0.734360514,0.594002878,0.932613187,0.933481155,0.94115767,0.861711878,2
147,0,1,0.5,0.388180874,0.015315382,0.972113831,0.840863475,0.857600133,0.645209468,0,0.972041825,0.970043664,0.76299816,0.619117613,0.969854746,0.971343965,0.97243255,0.892816122,2
148,0,1,0.25,0.422868964,0.041684327,0.987297877,0.858889982,0.874288101,0.687487876,0,0.97433045,0.967069464,0.764761173,0.615972076,0.965643797,0.966131664,0.972927551,0.898962309,2
149,0,1,0.5,0.431482925,0.082966101,0.979790553,0.849977104,0.867561215,0.672157742,0,0.96625143,0.96096026,0.758718218,0.621289448,0.959619608,0.960527834,0.96375774,0.883374708,2
150,0,1,0.5,0.399980706,0.02210848,0.974441765,0.843627107,0.863140947,0.66184733,0,0.948624028,0.938865408,0.734583332,0.59705725,0.936353526,0.937387762,0.942293268,0.859201856,2
151,0,1,0.25,0.426520872,0.078007481,0.988565033,0.860394415,0.868781042,0.666193747,0,0.974559786,0.968657331,0.776370882,0.63936678,0.967255997,0.96767845,0.973997541,0.900345865,2
152,0,1,0,0.436221132,0.103344232,0.99475745,0.867746514,0.870002222,0.664583966,0,0.9849197,0.986750026,0.784684197,0.648481443,0.986185222,0.986389651,0.986808489,0.908031314,2
153,0,1,0.5,0.435143881,0.101547568,0.990120178,0.862240777,0.868721395,0.664672494,0,0.961276283,0.956807278,0.756163013,0.626519816,0.954477665,0.954684563,0.957357221,0.874130591,2
154,0,1,0.5,0.435957074,0.079214417,0.981173686,0.851619167,0.870566443,0.681723439,0,0.9814416,0.979222973,0.781019228,0.64357357,0.979056599,0.980055357,0.982369042,0.905259735,2
155,0,1,0.25,0.414509265,0.058143836,0.963157858,0.830231611,0.859660239,0.660946647,0,0.947477248,0.9294823,0.744438356,0.606670695,0.927085102,0.928751554,0.941351351,0.869442903,2
156,0,1,0.25,0.406049042,0.04047581,0.973334351,0.842312425,0.862278768,0.658830909,0,0.941529911,0.923546985,0.737356108,0.603458891,0.9200466,0.921001627,0.933524584,0.858889204,2
157,0,1,0.25,0.436436968,0.087498849,0.97235494,0.841149709,0.866702618,0.676648531,0,0.955727023,0.943220679,0.759114804,0.632496456,0.941152872,0.942363614,0.950689128,0.874196347,2
158,0,1,0.5,0.425244355,0.085081223,0.978258786,0.848158597,0.863637458,0.659555545,0,0.964646757,0.958645379,0.759553251,0.623254804,0.957247922,0.958231538,0.962304616,0.883254871,2
159,0,1,0,0.400109857,0.037515313,0.962275488,0.829184154,0.856621332,0.650811554,0,0.934043784,0.913827073,0.729490384,0.597323805,0.910402758,0.911972412,0.924947334,0.849604594,2
160,0,1,0.25,0.452888206,0.119873043,0.989201062,0.861149546,0.873391657,0.682144813,0,0.973408898,0.966775509,0.775360399,0.641221708,0.965200382,0.965563742,0.971899869,0.897097452,2
161,0,1,0.5,0.40125009,0.040815378,0.976618912,0.84621176,0.861100236,0.650899872,0,0.932068288,0.913974637,0.722074218,0.589290201,0.909586638,0.910237282,0.921833642,0.842877813,2
162,0,1,0.5,0.430362817,0.076172287,0.965935375,0.833528819,0.864455036,0.675235839,0,0.959565053,0.943315968,0.760146971,0.62018861,0.941690681,0.943314346,0.955819179,0.886954276,2
163,0,1,0.5,0.426595729,0.065284891,0.992240728,0.864758445,0.872583205,0.677150114,0,0.990894471,0.9948455,0.77496327,0.620767216,0.99501341,0.995457866,0.993930161,0.914049814,2
164,0,1,0.5,0.392211549,0.027444284,0.98674807,0.858237226,0.861859766,0.644225451,0,0.961667514,0.960975357,0.744169151,0.602888773,0.959163814,0.959627071,0.958823557,0.872072921,2
165,0,1,0.5,0.400225316,0.026248184,0.966636543,0.834361187,0.86041263,0.659584457,0,0.948197024,0.929720368,0.741039323,0.596646805,0.927103415,0.928548741,0.942146371,0.871685046,2
166,0,1,0.25,0.422273146,0.076176585,0.972234868,0.841007165,0.862068489,0.659748323,0,0.960144473,0.947030574,0.768255305,0.638924123,0.945235468,0.946491268,0.956884958,0.885556375,2
167,0,1,0.5,0.415639677,0.049670256,0.987351174,0.85895326,0.869043625,0.668963036,0,0.957307458,0.951875441,0.743716594,0.607006148,0.949391124,0.949726599,0.95233711,0.867695216,2
168,0,1,0.25,0.459214102,0.113667737,0.977780594,0.847590892,0.874234058,0.697843037,0,0.976121482,0.966304518,0.779733447,0.641913263,0.965471342,0.966560688,0.975180007,0.904551971,2
169,0,1,0,0.402764406,0.040913961,0.969583976,0.837860169,0.859276915,0.652648429,0,0.945991526,0.931215358,0.740855899,0.606086314,0.928502061,0.929772845,0.939543804,0.863130213,2
170,0,1,0.5,0.430407901,0.067174178,0.990900775,0.863167555,0.873507641,0.681224027,0,0.991759232,0.990975118,0.78934292,0.64202586,0.990965114,0.991457186,0.994882673,0.922098408,2
171,0,1,0.5,0.462218519,0.121001758,0.983872161,0.854822846,0.875849188,0.69763013,0,0.984142215,0.981008511,0.784656156,0.646952997,0.980783068,0.981626668,0.985003361,0.909348249,2
172,0,1,0.5,0.437005131,0.094648925,0.972953918,0.841860789,0.866027302,0.673319975,0,0.958031334,0.944651164,0.757341261,0.622093888,0.942642025,0.943828383,0.953673262,0.880180863,2
173,0,1,0.25,0.431230159,0.095358603,0.981277498,0.851742414,0.865032317,0.661873701,0,0.974140153,0.973538379,0.771350753,0.638057033,0.972970238,0.973906611,0.974004674,0.892273043,2
174,0,1,0.5,0.400377896,0.027156953,0.979712001,0.849883848,0.8642138,0.658996815,0,0.939876915,0.92491519,0.728886415,0.593931764,0.921076988,0.921636802,0.931177487,0.851367555,2
175,0,1,0.5,0.44309699,0.081897378,0.990182127,0.862314327,0.876940722,0.693425835,0,0.968119335,0.957754219,0.763484687,0.62219774,0.95548616,0.955698386,0.964766191,0.891397162,2
176,0,1,0.5,0.416535593,0.052279788,0.984021579,0.855000239,0.867668941,0.667238129,0,0.97931504,0.972989961,0.782625069,0.641976884,0.972197595,0.972953011,0.98011562,0.909511527,2
177,0,1,0.25,0.399501473,0.037216991,0.965149709,0.832596145,0.856951253,0.649015947,0,0.942404554,0.925309514,0.743055732,0.613652627,0.922487266,0.92398483,0.935379265,0.860516035,2
178,0,1,0,0.417071971,0.068964987,0.962176831,0.829067039,0.858261084,0.656883083,0,0.930357238,0.909666629,0.732447711,0.611626333,0.905960126,0.907495325,0.920093301,0.842707679,2
179,0,1,1,0.422739028,0.067913485,0.978467705,0.848406623,0.866030495,0.667945118,0,0.962338474,0.955580998,0.753681759,0.615486161,0.953956582,0.954896769,0.959071136,0.878982952,2
180,0,1,0.5,0.394774188,0.032871706,0.97508979,0.844396423,0.858696071,0.644455061,0,0.943978399,0.930764304,0.737419775,0.604231161,0.927645918,0.928559182,0.937103363,0.858296584,2
181,0,1,0.25,0.425411306,0.056864256,0.980390305,0.850689132,0.870402231,0.681186165,0,0.957711526,0.947664022,0.745958731,0.60514147,0.945359421,0.946098872,0.952650434,0.873564685,2
182,0,1,0.25,0.440730547,0.088416812,0.979269994,0.849359097,0.871081083,0.684056096,0,0.946811987,0.929798465,0.748225663,0.621485758,0.926329336,0.926965334,0.938893085,0.863581608,2
183,0,1,0.5,0.424225234,0.086186133,0.974764682,0.844010464,0.861838876,0.656608399,0,0.95251827,0.942432723,0.751507992,0.623999869,0.940146629,0.941195146,0.94735938,0.867548446,2
184,0,1,0,0.415265061,0.055130586,0.96426949,0.831551231,0.860793518,0.663966563,0,0.954265755,0.938252348,0.75379273,0.616164678,0.936388607,0.938069627,0.949698362,0.87849058,2
185,0,1,0.25,0.449752036,0.095474352,0.978199574,0.848088301,0.873319735,0.693698873,0,0.976366428,0.964472237,0.787274911,0.65302032,0.963483401,0.964527944,0.975616888,0.908668633,2
186,0,1,0.5,0.440823264,0.098308387,0.969096233,0.837281151,0.865746929,0.676571912,0,0.954295265,0.939302461,0.759783163,0.632793443,0.93718383,0.938565213,0.949030559,0.875272373,2
187,0,1,0.5,0.440240142,0.103917425,0.967949405,0.835919716,0.864125591,0.67217021,0,0.94728119,0.932594264,0.746649621,0.61944909,0.930087709,0.931476925,0.940470139,0.862601902,2
188,0,1,0.25,0.406635345,0.047491715,0.975727831,0.845153888,0.861050874,0.653571183,0,0.977860429,0.976395941,0.775048697,0.63503455,0.976402797,0.977722613,0.979233974,0.901505579,2
189,0,1,0.25,0.410882023,0.052522248,0.974744429,0.84398642,0.863055735,0.659807537,0,0.920907554,0.899037661,0.709136136,0.580190145,0.893739697,0.894364,0.907567116,0.826821802,2
190,0,1,0,0.375376726,0,0.961537007,0.828307511,0.851921585,0.635022393,0,0.928454556,0.910629495,0.718083023,0.58594402,0.90703332,0.908619089,0.918611748,0.838044346,2
191,0,1,1,0.402675144,0.030214813,0.977029977,0.84669977,0.86370282,0.660815935,0,0.944131715,0.933327215,0.729817869,0.594425926,0.930255114,0.931069185,0.936582911,0.85269466,2
192,0,1,0,0.406281041,0.045865433,0.977572613,0.847343979,0.862669396,0.655846027,0,0.939784317,0.924800055,0.729360595,0.59479326,0.921099026,0.921794721,0.931281168,0.851666706,2
193,0,1,1,0.40194422,0.036637109,0.977984352,0.847832791,0.862461845,0.654778719,0,0.94907444,0.93621648,0.739230603,0.599767295,0.933280239,0.934061504,0.942954421,0.865646463,2
194,0,1,0.25,0.438621524,0.08883629,0.9876742,0.859336772,0.872025891,0.679318772,0,0.983504595,0.980337593,0.7861185,0.64818448,0.979807712,0.980401627,0.984747289,0.910798674,2
195,0,1,0.25,0.412064469,0.070466272,0.966371334,0.834046352,0.856982607,0.647776556,0,0.93396559,0.916268718,0.729283097,0.60110768,0.912735728,0.914066183,0.924797874,0.846154368,2
196,0,1,0.5,0.430269351,0.080555278,0.980097912,0.850342002,0.867009971,0.67019973,0,0.984627619,0.983846778,0.789007873,0.654516193,0.984074455,0.985187417,0.986867811,0.910555622,2
197,0,1,0.5,0.450441113,0.104565624,0.98340513,0.854268375,0.873611265,0.689081416,0,0.973134362,0.962994068,0.776489488,0.639236624,0.961549426,0.962246261,0.971524583,0.90081794,2
198,0,1,0.25,0.411151018,0.041051113,0.984731804,0.855843439,0.867948582,0.667075299,0,0.971681413,0.962227671,0.767694442,0.620824352,0.960639827,0.961244286,0.9705083,0.90023052,2
199,0,1,0.25,0.437440201,0.081746084,1,0.873971045,0.876892491,0.683725649,0,0.996225713,1,0.78572408,0.633314668,1,1,1,0.923168562,2
200,0,1,1,0.38520823,0.010490806,0.971417685,0.840037045,0.857211733,0.644462628,0,0.956158497,0.95151252,0.739166163,0.59696608,0.950084106,0.951436268,0.952580589,0.867804436,2
201,0,1,0.5,0.431661019,0.085830322,0.994473313,0.86740916,0.871132303,0.669269576,0,0.988712355,0.992348033,0.786712342,0.648519292,0.992191198,0.992468651,0.991401381,0.911629531,2
202,0,1,0,0.40708638,0.032695947,0.963969545,0.831195164,0.861363911,0.666165467,0,0.9567087,0.939502544,0.755168079,0.61214097,0.937745988,0.939458538,0.952679027,0.884423016,2
203,0,1,1,0.438429328,0.091406041,0.976218948,0.845736931,0.868148393,0.677667776,0,0.979666681,0.971323997,0.782960569,0.640581593,0.970945339,0.972183952,0.980488178,0.911665355,2
204,0,1,0.5,0.396562125,0.027065486,0.9853956,0.85663152,0.863465622,0.651924937,0,0.980339088,0.983431823,0.764644219,0.615120799,0.983271323,0.984041249,0.981996953,0.899516128,2
205,0,1,0,0.3974746,0.020765926,0.970152445,0.838535021,0.86126328,0.658870199,0,0.941751068,0.924196855,0.731217192,0.590583019,0.920957613,0.922123099,0.933946291,0.858635574,2
206,0,1,1,0.449557606,0.112287808,0.974478464,0.843670674,0.869026662,0.681953645,0,0.96220472,0.945916623,0.769656257,0.636073368,0.943891869,0.944992894,0.958477475,0.890933296,2
207,0,1,0.25,0.427880778,0.068983787,0.987938948,0.859651094,0.871313818,0.675803942,0,0.96408015,0.954912501,0.760300058,0.622995635,0.952599214,0.952926901,0.960502961,0.88468707,2
208,0,1,1,0.410785439,0.049359388,0.985838144,0.857156924,0.866427523,0.661452569,0,0.95499244,0.950858575,0.735078191,0.594574569,0.948406255,0.948828486,0.949807565,0.862574458,2
209,0,1,0.25,0.422748582,0.063700984,0.967194854,0.83502397,0.863480407,0.670437851,0,0.940791695,0.923696637,0.74133944,0.616946169,0.920623495,0.921973906,0.932428362,0.854554082,2
210,0,1,0,0.985262522,0.986799956,0.935566445,0.989479657,0.992270959,0.98217806,0,0.99672644,0.810637437,0.994117605,0.992158556,0.801864206,0.906876248,0.984392459,0.994457816,1
211,0,1,0.25,0.986331363,0.981477926,0.931486207,0.986250248,0.992974549,0.98779464,0,0.985234599,0.797009281,0.973529965,0.970291658,0.787567532,0.892561296,0.969891116,0.975733342,1
212,0,1,0.5,0.99068527,0.985718591,0.934774517,0.988893868,0.995005905,0.992509765,0,0.997357371,0.808693806,0.994404792,0.988973714,0.799839522,0.904920307,0.984801913,0.997865868,1
213,0,1,0,0.978195719,0.981642733,0.925612784,0.975221503,0.986128757,0.973369165,0,0.968694921,0.781552537,0.957614953,0.957639618,0.771437526,0.868654678,0.950116289,0.957420467,1
214,0,1,0.25,0.972750239,0.979497179,0.917867869,0.963140063,0.980707976,0.965390923,0,0.961866572,0.774623226,0.946453366,0.946845575,0.764554803,0.862340346,0.94231501,0.94630912,1
215,0,1,0.25,0.966102,0.964222412,0.918488629,0.975897318,0.983900591,0.964749067,0,0.96426171,0.774798616,0.945318819,0.942368698,0.764700061,0.865471406,0.944871029,0.948232703,1
216,0,1,0.5,0.972638064,0.975299045,0.920056234,0.970400611,0.983375284,0.968201659,0,0.969051836,0.781387182,0.952902213,0.951915049,0.771639284,0.873175541,0.950948059,0.953785123,1
217,0,1,0.25,0.978370648,0.978228867,0.927789724,0.981985519,0.988638088,0.97616645,0,0.98681249,0.800533062,0.980957318,0.980230285,0.791587728,0.894427828,0.972473634,0.980639272,1
218,0,1,0.5,0.991390673,0.991212568,0.939007782,0.992219797,0.995093207,0.989782424,0,1,0.81518269,1,1,0.806490845,0.910870356,0.988101867,0.99835022,1
219,0,1,0.5,0.983320232,0.98512855,0.931092117,0.982545066,0.989868382,0.979920835,0,0.987041334,0.799367306,0.983409623,0.980262918,0.790116127,0.891226982,0.972588803,0.985198955,1
220,0,1,0.25,0.992386915,0.99730731,0.934026437,0.978563533,0.990740463,0.987010647,0,0.985200945,0.800332945,0.980612606,0.982144671,0.790949032,0.891516214,0.970160509,0.978252899,1
221,0,1,0.5,0.971256936,0.962292299,0.913179784,0.968039811,0.984755768,0.975218483,0,0.978100672,0.785171466,0.967567328,0.958147878,0.776155081,0.878656485,0.962096604,0.975577317,1
222,0,1,0.25,0.98923984,0.991384595,0.930533347,0.976882866,0.99002033,0.985872992,0,0.992859459,0.805008002,0.993129712,0.989072695,0.796186548,0.897789362,0.979859717,0.995401887,1
223,0,1,0.25,0.97777083,0.984143081,0.925418725,0.973065163,0.984833818,0.970814882,0,0.973435788,0.787263517,0.964764741,0.965423183,0.777558282,0.875951537,0.956239002,0.963752856,1
224,0,1,0.5,0.988079527,0.981628251,0.9231758,0.971024659,0.989846502,0.990758622,0,0.974226153,0.783803055,0.963759905,0.958981591,0.774010338,0.873145436,0.956530025,0.967694401,1
225,0,1,0.5,0.986876307,0.986059489,0.931086229,0.981817887,0.991245559,0.985557217,0,0.992915218,0.805186234,0.993885722,0.990302857,0.796339508,0.897236203,0.979758695,0.995700849,1
226,0,1,0.25,0.990389809,0.996312731,0.937814678,0.986156926,0.991982834,0.98425032,0,0.988089197,0.802148996,0.982257902,0.981318233,0.792633323,0.895194998,0.973607205,0.982084772,1
227,0,1,0.25,0.958706975,0.965989347,0.909342892,0.958212283,0.975264127,0.950484165,0,0.959314887,0.772475658,0.942889882,0.944051823,0.762839357,0.861251576,0.939877723,0.942161034,1
228,0,1,0,0.986575802,0.979126629,0.924017917,0.974459001,0.990537838,0.98994822,0,0.977280735,0.785763336,0.967455809,0.960496319,0.776049362,0.876208274,0.960262026,0.973237029,1
229,0,1,1,0.994130362,0.995882701,0.943199904,0.996088995,0.996549454,0.991230387,0,0.998256937,0.812041579,0.99748568,0.995186057,0.802846379,0.906381185,0.98571424,0.998006259,1
230,0,1,0.5,0.986703087,0.982435514,0.932688381,0.987691166,0.993430293,0.987869999,0,0.990625205,0.79899644,0.982328246,0.972715505,0.78961082,0.895023497,0.976583854,0.990002987,1
231,0,1,0.25,0.990407315,0.988817757,0.929378693,0.97654898,0.990997326,0.989646988,0,0.975742917,0.787243894,0.967592978,0.965217455,0.777267575,0.875239048,0.958270518,0.969222709,1
232,0,1,0.5,0.972930843,0.973445965,0.927391302,0.98481227,0.987689398,0.970052367,0,0.967908126,0.780788862,0.94894272,0.949030058,0.770499677,0.872242942,0.948912346,0.94898448,1
233,0,1,0.25,0.979796413,0.979269128,0.921259735,0.969268784,0.985794078,0.977884309,0,0.965644358,0.778748964,0.953002932,0.954412987,0.768735861,0.865600549,0.946339603,0.951707547,1
234,0,1,0.25,0.975871872,0.984320734,0.923023459,0.968712828,0.982699359,0.967343177,0,0.97440676,0.789586557,0.966535697,0.969069613,0.780205812,0.87908232,0.957754017,0.963763839,1
235,0,1,0.5,0.966696199,0.968842322,0.921033233,0.977125013,0.983563594,0.962438445,0,0.975742633,0.786817543,0.961503868,0.957394427,0.777380137,0.881099533,0.959307632,0.964924943,1
236,0,1,0.5,0.988476339,0.98753282,0.938496896,0.994147343,0.994935978,0.987251292,0,0.989623231,0.800575612,0.98014369,0.974444912,0.790904257,0.896118712,0.975118122,0.984351208,1
237,0,1,0.5,0.981419588,0.988463203,0.928798189,0.975945343,0.986526245,0.974153525,0,0.980705927,0.792904036,0.973836656,0.970736953,0.783360278,0.883979745,0.96511473,0.975921321,1
238,0,1,0.5,0.991362549,0.989671675,0.927398944,0.972485123,0.99023119,0.990745296,0,0.979106513,0.789106779,0.971754182,0.966509445,0.779394649,0.878833023,0.962593129,0.975838748,1
239,0,1,0.5,0.986668128,0.986468303,0.927705132,0.975487828,0.989328478,0.984768464,0,0.973427386,0.785541884,0.96060776,0.959225072,0.775561361,0.875822582,0.955601167,0.961582332,1
240,0,1,0.5,0.976324888,0.974852447,0.921141697,0.972620862,0.985847056,0.974986468,0,0.96925825,0.781447393,0.953445216,0.952728205,0.771629706,0.872546664,0.950861657,0.95406121,1
241,0,1,0.25,0.98680557,0.986994735,0.927849033,0.975221151,0.989269948,0.98465576,0,0.970863958,0.781299639,0.959102851,0.955330976,0.771014745,0.869173738,0.952396475,0.962295582,1
242,0,1,0.25,0.970080737,0.974453891,0.926041806,0.981763513,0.985289853,0.96431481,0,0.981862199,0.795521971,0.972240437,0.971356915,0.786347738,0.889754171,0.966736527,0.972372287,1
243,0,1,0.25,0.973334032,0.968825476,0.915435451,0.967139424,0.984193596,0.974131048,0,0.973546844,0.782001531,0.959346056,0.952276048,0.772611247,0.875203467,0.956467583,0.965514493,1
244,0,1,0.5,0.999536398,1,0.941121198,0.989227894,0.996537769,0.997744766,0,0.997744542,0.812216701,0.998512162,0.997787474,0.803175091,0.905502595,0.985073661,0.997560486,1
245,0,1,0.5,0.966080294,0.964817522,0.916500817,0.971884849,0.982739921,0.964327798,0,0.960282542,0.769600571,0.939643911,0.935199396,0.759276569,0.859344146,0.940045848,0.944105906,1
246,0,1,0.5,0.984735872,0.992236654,0.928098432,0.971844688,0.986288256,0.977253187,0,0.983231298,0.796763593,0.979045186,0.977896617,0.787535491,0.887792504,0.968313107,0.97917886,1
247,0,1,0.25,0.990286723,0.995116412,0.938602405,0.988574657,0.992814891,0.985005087,0,0.996522463,0.810961795,0.994339366,0.99298969,0.802004449,0.906435031,0.984060955,0.994117047,1
248,0,1,0,0.993587365,0.987819417,0.936098843,0.989528359,0.996164004,0.995991203,0,0.981154721,0.790434331,0.968101245,0.961509756,0.780222007,0.883166606,0.964332998,0.973526312,1
249,0,1,0.5,0.983869001,0.982483592,0.926168774,0.975771248,0.988895031,0.98278108,0,0.975142067,0.78406836,0.963509478,0.956755433,0.774090168,0.874559237,0.957810727,0.969251134,1
250,0,1,0.25,0.985421955,0.992029714,0.937092368,0.988259598,0.990992752,0.97870127,0,0.99624224,0.809904564,0.993483016,0.990593263,0.800976579,0.906020121,0.98396386,0.994695209,1
251,0,1,0.25,0.992347668,0.997188832,0.938719581,0.987194373,0.993086488,0.987185825,0,0.997950209,0.810671754,0.997467553,0.993181332,0.801686295,0.905666133,0.985812541,0.999796276,1
252,0,1,0,0.969873946,0.963181155,0.916678745,0.97355012,0.98532358,0.972099566,0,0.974570068,0.78401001,0.961525072,0.956089235,0.774674435,0.876770484,0.957592269,0.966135566,1
253,0,1,0.25,0.973487658,0.972793576,0.920501624,0.97298165,0.985034737,0.971527039,0,0.970997683,0.780572737,0.957978379,0.95264338,0.770737934,0.870837507,0.953155166,0.962626349,1
254,0,1,0.25,0.969153422,0.965366268,0.917745141,0.973650475,0.984591085,0.969272886,0,0.968121864,0.777382093,0.953677038,0.948497927,0.767513603,0.867201747,0.949612717,0.958326057,1
255,0,1,1,0.982553147,0.986296488,0.931281011,0.982116065,0.989037414,0.977650531,0,0.984276145,0.800765198,0.976170693,0.979904605,0.791598222,0.8944477,0.969239003,0.971973492,1
256,0,1,0,0.977898997,0.974728515,0.918925676,0.968686494,0.985617171,0.977827049,0,0.972018723,0.783983475,0.960877878,0.959803034,0.774492907,0.873855723,0.954353571,0.961561619,1
257,0,1,0.25,0.98299751,0.980732184,0.931300386,0.986430475,0.991531446,0.982475001,0,0.988598211,0.802850308,0.980979746,0.981082633,0.793826798,0.898158366,0.974308127,0.979902944,1
258,0,1,0.5,0.97811948,0.981965926,0.928429525,0.980318266,0.987264333,0.97299056,0,0.985291876,0.802373277,0.978491279,0.983027811,0.793512147,0.896454685,0.970759485,0.973488925,1
259,0,1,0.5,0.980890972,0.979712885,0.932607674,0.989462615,0.99155139,0.979523542,0,0.985924027,0.79849333,0.977245119,0.974742861,0.78907827,0.892616792,0.970953673,0.97866098,1
260,0,1,0.25,0.995594527,0.990067169,0.935452827,0.986652681,0.995938484,0.997954131,0,0.993645227,0.805430095,0.991344214,0.987393571,0.796303013,0.898776804,0.980019331,0.993564034,1
261,0,1,0.5,0.969306147,0.974056289,0.917992931,0.967665341,0.981311619,0.963272712,0,0.969006179,0.779923232,0.95373744,0.950176932,0.770214303,0.871572879,0.951179066,0.956927663,1
262,0,1,0.5,0.975328143,0.976454581,0.922789157,0.97448572,0.985555221,0.972113465,0,0.979510608,0.790324196,0.968339305,0.963631479,0.781010635,0.884259298,0.963752128,0.972066347,1
263,0,1,0.5,0.978299944,0.974602635,0.918342111,0.967862312,0.985634576,0.978655396,0,0.974407616,0.784399713,0.962407868,0.957784355,0.774977821,0.876197833,0.957345246,0.966254547,1
264,0,1,0,0.981370349,0.976045519,0.92751981,0.983306931,0.990910012,0.983090071,0,0.994560626,0.806245458,0.990682361,0.986171661,0.797715162,0.90293203,0.98186776,0.993449573,1
265,0,1,0.5,0.998075921,0.999715837,0.944867537,0.996138436,0.997703598,0.995355749,0,0.995617887,0.809428349,0.993010934,0.991162112,0.799938247,0.903035832,0.982245773,0.993274178,1
266,0,1,0.5,0.960554305,0.95889072,0.910590701,0.965960704,0.979625083,0.958866283,0,0.962125338,0.772771228,0.941712774,0.939211402,0.763070351,0.864776666,0.942790631,0.944339196,1
267,0,1,0.5,0.981737704,0.986754094,0.936707813,0.991362384,0.991028356,0.975897359,0,0.982207868,0.797302063,0.9723573,0.973775775,0.787525166,0.889851337,0.966368998,0.970392667,1
268,0,1,0.25,0.986021849,0.983382064,0.934329007,0.9898346,0.993447434,0.986018767,0,0.999102707,0.811973203,0.998461365,0.995007254,0.803376962,0.908142581,0.98720669,1,1
269,0,1,0.5,0.989506025,0.993940549,0.934527888,0.981908858,0.99089425,0.984344026,0,0.977536546,0.792504823,0.968617711,0.970857137,0.782543206,0.88186983,0.96053293,0.966034685,1
270,0,1,0.25,0.991038698,0.992913641,0.933852156,0.981803029,0.991875867,0.987961505,0,0.997020782,0.808918508,0.995798885,0.990668932,0.800142619,0.904514896,0.984816471,0.998948172,1
271,0,1,0.5,0.994107127,0.991512845,0.936545136,0.987423448,0.995099227,0.994211541,0,0.984484666,0.797102545,0.977026475,0.975262162,0.787322867,0.888498021,0.968654976,0.977770796,1
272,0,1,0.25,0.983492281,0.978023252,0.924940987,0.976983934,0.989924923,0.985348735,0,0.971092237,0.778898371,0.955173801,0.947513954,0.768644826,0.869673626,0.95259121,0.962018003,1
273,0,1,0.25,0.991436353,0.98490376,0.936468676,0.99241412,0.996450355,0.994332597,0,0.989817625,0.800922157,0.98253927,0.977866081,0.791412908,0.89504023,0.97515069,0.985723769,1
274,0,1,1,0.989594263,0.991490237,0.935039802,0.984895448,0.99227986,0.986446137,0,0.996896626,0.809630601,0.997179227,0.993428934,0.800823308,0.903995632,0.98460452,0.999031884,1
275,0,1,0.25,0.994843397,0.99626943,0.94153174,0.992796244,0.995940121,0.992115241,0,0.987747037,0.799652989,0.980011423,0.976049955,0.789711052,0.892478503,0.972626641,0.982647102,1
276,0,1,0.5,0.979339811,0.978523582,0.923710574,0.974345984,0.987081352,0.977647835,0,0.974698194,0.785558138,0.964329385,0.960736947,0.775850855,0.875668893,0.957507496,0.967178979,1
277,0,1,0,0.980276305,0.973306113,0.926696894,0.98376788,0.991087286,0.983120256,0,0.986854239,0.796072003,0.979912096,0.972560409,0.78689134,0.890015261,0.97218428,0.985623037,1
278,0,1,0,0.972918019,0.971021356,0.918788021,0.971197129,0.984675861,0.971898175,0,0.957344137,0.765548904,0.935767435,0.930098997,0.754787667,0.853472275,0.936092681,0.941474699,1
279,0,1,1,1,0.997942008,0.946234269,1,1,1,0,0.995710258,0.808624322,0.990219954,0.987217642,0.798985424,0.903589576,0.982041628,0.99161954,1
280,0,1,0.25,0.745985245,0.709437728,0.693537179,0.767936304,0.875581652,0.771947739,0,0.772402235,0.562516677,0.677568272,0.669734305,0.553138332,0.631463954,0.719658316,0.691877334,0
281,0,1,0.5,0.722137613,0.671737948,0.668539165,0.752067594,0.867502767,0.757948864,0,0.767866308,0.552018161,0.668420645,0.652682166,0.543644926,0.625145338,0.715121246,0.689889346,0
282,0,1,0.25,0.763106136,0.732529406,0.707852858,0.776015094,0.880562118,0.782213844,0,0.804688702,0.596395988,0.72694774,0.716939609,0.588378521,0.670817558,0.759417366,0.742046742,0
283,0,1,0.25,0.774041001,0.73059951,0.704913067,0.772252037,0.885181971,0.802473855,0,0.808567822,0.596764094,0.73308959,0.718669578,0.588975734,0.671094373,0.76362392,0.752092903,0
284,0,1,1,0.786307108,0.74511046,0.726494874,0.799691619,0.895017651,0.811784905,0,0.833235226,0.625343274,0.766270591,0.754515605,0.618046127,0.704897977,0.793147066,0.782024386,0
285,0,1,0,0.750159666,0.70741015,0.698198242,0.777784139,0.880099544,0.778848033,0,0.792254964,0.582120427,0.705953369,0.695729247,0.573780339,0.655839217,0.743899257,0.721697498,0
286,0,1,0.25,0.762142906,0.715265336,0.703236233,0.781054699,0.88470411,0.792391741,0,0.81802336,0.60583296,0.737865272,0.721313003,0.598790441,0.68929642,0.775542725,0.758572982,0
287,0,1,0.25,0.733657369,0.690741783,0.680946075,0.759776656,0.871239597,0.764096395,0,0.772353543,0.560109905,0.673290495,0.662064006,0.551437474,0.633906627,0.720214112,0.690663574,0
288,0,1,0.25,0.765490576,0.72250735,0.702008767,0.773202092,0.883317781,0.794841349,0,0.793964572,0.581491834,0.707099234,0.693169098,0.572844139,0.655376872,0.7455854,0.726307046,0
289,0,1,0.25,0.746839463,0.697442146,0.685981675,0.763789153,0.876290669,0.778492842,0,0.812447933,0.599585294,0.735602866,0.719072868,0.593304682,0.680860783,0.769748671,0.756230462,0
290,0,1,1,0.748280282,0.702636976,0.690607229,0.768015212,0.877463034,0.778725178,0,0.796609991,0.586997682,0.710011673,0.700421913,0.579522318,0.664897418,0.749731827,0.725051842,0
291,0,1,0.25,0.735351877,0.703047562,0.683321212,0.754715136,0.867659727,0.756024511,0,0.789168228,0.581377036,0.705441136,0.698260415,0.574016593,0.655694538,0.741797562,0.718313812,0
292,0,1,0.25,0.74450246,0.693824948,0.684784685,0.764245664,0.876786645,0.779845222,0,0.781578745,0.569597359,0.688462846,0.677621146,0.561317467,0.64342578,0.730988535,0.705179591,0
293,0,1,0.5,0.766696637,0.737051211,0.719430145,0.793237894,0.885843905,0.784939039,0,0.812196764,0.608166399,0.731893743,0.727466731,0.60016508,0.686946998,0.768078378,0.741821305,0
294,0,1,0.5,0.747812109,0.703372308,0.699561598,0.783412059,0.881149445,0.777333001,0,0.800493581,0.590419631,0.710916812,0.699547221,0.58256137,0.670981748,0.7540761,0.727543396,0
295,0,1,0.25,0.761855775,0.719977457,0.70197039,0.77504972,0.882466767,0.789997659,0,0.797017123,0.584405507,0.711867903,0.697061472,0.575962788,0.659131409,0.749532011,0.731709013,0
296,0,1,0.5,0.773739225,0.730145553,0.721115871,0.801490669,0.892525471,0.801079535,0,0.828433104,0.618913883,0.755148619,0.741245457,0.611542246,0.700789276,0.787481265,0.773070064,0
297,0,1,0.25,0.756378511,0.721774333,0.708078584,0.78450687,0.881933035,0.779093234,0,0.796208262,0.590055918,0.710742118,0.705554971,0.581582585,0.664504751,0.748593947,0.721848374,0
298,0,1,1,0.750312743,0.707661996,0.705205466,0.790175095,0.883488157,0.779312799,0,0.794743166,0.584622597,0.700146525,0.689162422,0.575970915,0.664070178,0.74653708,0.716738353,0
299,0,1,0.25,0.730165241,0.688796341,0.67226586,0.74585395,0.866043219,0.758632308,0,0.776769073,0.563063077,0.684212959,0.670000675,0.555198048,0.636917239,0.726487029,0.703972015,0
300,0,1,0.25,0.773412388,0.725122113,0.714405976,0.793385759,0.891573634,0.805380701,0,0.815333555,0.602611324,0.732372714,0.715527389,0.594571867,0.683789228,0.771197846,0.753581746,0
301,0,1,0.5,0.754540688,0.714181456,0.700788277,0.777399834,0.880683416,0.781408618,0,0.798133097,0.589886584,0.70976716,0.701512181,0.581906336,0.668305053,0.751183726,0.723662904,0
302,0,1,0,0.777223382,0.743099614,0.72307772,0.795094535,0.890253308,0.79900257,0,0.812131122,0.605496957,0.733142235,0.725234732,0.597058005,0.681882705,0.767371146,0.746274249,0
303,0,1,1,0.757867883,0.719481395,0.7049471,0.780766547,0.882267912,0.783893167,0,0.794014159,0.585065858,0.70257369,0.693475122,0.576462845,0.662281135,0.745796473,0.717461719,0
304,0,1,0.25,0.751916017,0.698513354,0.698833589,0.785813208,0.884581334,0.78740173,0,0.808151339,0.595841784,0.721803476,0.706873822,0.588410457,0.678048077,0.763187098,0.741386826,0
305,0,1,0.5,0.783865982,0.731714824,0.723878374,0.805283607,0.898241361,0.818084514,0,0.827764825,0.614907298,0.749075084,0.73082913,0.607066411,0.698368913,0.785834476,0.771158754,0
306,0,1,0.25,0.731634485,0.688333537,0.67710822,0.7547358,0.869122188,0.761246807,0,0.778159924,0.566048944,0.688208272,0.67666394,0.558055175,0.637989367,0.727792452,0.705453542,0
307,0,1,0.5,0.766395136,0.721374339,0.700342616,0.771199847,0.882982438,0.795569775,0,0.812761902,0.601259978,0.735395152,0.720830723,0.594100341,0.680347012,0.769192487,0.754404124,0
308,0,1,0.5,0.759707673,0.704296776,0.701226284,0.785663014,0.887009475,0.796285248,0,0.813766321,0.601164487,0.732732637,0.717063515,0.59393701,0.682390573,0.769880332,0.752748641,0
309,0,1,0.5,0.756116864,0.710182406,0.69539222,0.770842493,0.880093415,0.78551919,0,0.812416979,0.603821206,0.735838196,0.726036003,0.597182389,0.68349808,0.769170067,0.750437254,0
310,0,1,0.5,0.747061298,0.712724091,0.698860968,0.775031489,0.876766431,0.769474862,0,0.794907023,0.585487397,0.707838933,0.69728612,0.57733519,0.661965708,0.747696324,0.723810991,0
311,0,1,0.25,0.757601789,0.72066064,0.701446682,0.773596001,0.879902669,0.782135124,0,0.795135604,0.583908994,0.71009237,0.697162347,0.575468072,0.658102804,0.747537629,0.728249745,0
312,0,1,0.25,0.770779745,0.726805862,0.712492279,0.788739656,0.888540332,0.79896078,0,0.820169565,0.61262224,0.741610421,0.732168419,0.605410348,0.694939255,0.777688816,0.755839958,0
313,0,1,1,0.763572366,0.720455467,0.702172741,0.775110544,0.882927064,0.791619104,0,0.808870897,0.597191581,0.729417392,0.714733962,0.58962268,0.675157933,0.764323574,0.7486787,0
314,0,1,0,0.742618076,0.697113137,0.685224482,0.762583761,0.87419041,0.772038795,0,0.801587114,0.589078901,0.722832602,0.707887971,0.58212126,0.66563219,0.756434601,0.742336326,0
315,0,1,0.5,0.758045963,0.705744072,0.692594591,0.769186934,0.882081441,0.794222617,0,0.792305115,0.577294938,0.701604237,0.684671191,0.569008087,0.653823207,0.743680907,0.723605816,0
316,0,1,0.25,0.739924364,0.68931984,0.682425898,0.763460449,0.875604797,0.776311251,0,0.771645129,0.556556431,0.670926358,0.656126942,0.547534606,0.629799566,0.718706115,0.691656838,0
317,0,1,0.5,0.751841163,0.701649389,0.687174414,0.762691056,0.87827345,0.786693574,0,0.788756116,0.573272216,0.69541632,0.677834919,0.565081784,0.650737919,0.739773174,0.718121125,0
318,0,1,0.25,0.747784268,0.69999293,0.681366037,0.753597743,0.873882745,0.77952154,0,0.797494287,0.582082136,0.715389847,0.696677458,0.57490627,0.658663746,0.751348583,0.738548217,0
319,0,1,0.25,0.776620979,0.726908306,0.713029545,0.789548411,0.891355174,0.808267569,0,0.828769418,0.619197339,0.75880157,0.745828791,0.612404823,0.700095745,0.788068552,0.775790456,0
320,0,1,0,0.749119196,0.71839211,0.710415892,0.791260187,0.880474088,0.767423384,0,0.811199201,0.607775359,0.73365868,0.730246355,0.600370623,0.686143727,0.767589754,0.74247548,0
321,0,1,1,0.755333144,0.700935576,0.695160425,0.777399037,0.883560328,0.791696273,0,0.80583617,0.590066014,0.72216284,0.702258496,0.582488134,0.669365795,0.760430195,0.746269307,0
322,0,1,0.25,0.745263624,0.701450904,0.70136641,0.788108791,0.881268203,0.773228323,0,0.812016179,0.59999102,0.728791505,0.712484644,0.592672355,0.682814931,0.768501028,0.749395175,0
323,0,1,0.25,0.767263511,0.725260129,0.708648659,0.783020868,0.885828235,0.794568583,0,0.811384601,0.601496963,0.730190221,0.71787536,0.593778603,0.681054716,0.767062681,0.747313713,0
324,0,1,0.5,0.736982454,0.692619166,0.689551668,0.773782867,0.875511253,0.766152376,0,0.79932017,0.586976913,0.710191803,0.695139171,0.579573282,0.668514768,0.753405746,0.730083831,0
325,0,1,0,0.756154559,0.721739564,0.70505012,0.779218028,0.880359448,0.778431832,0,0.800427249,0.590668898,0.716233322,0.7045416,0.582447812,0.667129001,0.754105059,0.733090573,0
326,0,1,1,0.732017028,0.686102133,0.6774546,0.757147543,0.870263413,0.763082974,0,0.786668644,0.573158591,0.695260342,0.680394666,0.565634464,0.650839128,0.73829459,0.715331945,0
327,0,1,0.5,0.744931203,0.701456841,0.696641414,0.779559463,0.879162617,0.773823453,0,0.795032883,0.586991536,0.707788049,0.700523532,0.57909755,0.663546958,0.747513914,0.720751907,0
328,0,1,0.25,0.767226191,0.728981338,0.704892372,0.773421788,0.882648333,0.792205647,0,0.802617194,0.591384128,0.723858876,0.710361712,0.583223629,0.664906376,0.75652507,0.742233021,0
329,0,1,0.25,0.745500455,0.693452427,0.688114918,0.770611078,0.878330603,0.779353541,0,0.81059176,0.597845764,0.729474465,0.713499445,0.591296448,0.680292351,0.767132634,0.749748697,0
330,0,1,0.25,0.765956536,0.716196575,0.701689091,0.777562596,0.885431625,0.798353302,0,0.81729928,0.605551823,0.738613815,0.72342724,0.598596936,0.687632411,0.774532042,0.758088141,0
331,0,1,0.5,0.769695357,0.72506092,0.706000052,0.778373213,0.885730646,0.798607901,0,0.812081383,0.601114978,0.736977508,0.72340296,0.593553466,0.677165315,0.767949824,0.755071664,0
332,0,1,0,0.745373923,0.699225686,0.692107448,0.773294425,0.878191861,0.776280913,0,0.79708061,0.584321089,0.707600884,0.692599992,0.57655588,0.663910893,0.75021821,0.72758576,0
333,0,1,1,0.755246503,0.703898126,0.693979976,0.773083089,0.881879289,0.789747094,0,0.802743932,0.585305594,0.717249833,0.694675718,0.577478966,0.664293955,0.756793014,0.743913255,0
334,0,1,0.25,0.777287447,0.738017996,0.715640247,0.785900455,0.888266375,0.800635013,0,0.839593903,0.631773066,0.775604712,0.762851671,0.625673123,0.715606432,0.80207302,0.791947235,0
335,0,1,0.5,0.769858739,0.72620369,0.70724062,0.779800528,0.885988799,0.798230163,0,0.81291519,0.603491368,0.733772016,0.722354928,0.596008973,0.682730474,0.76895827,0.750001505,0
336,0,1,0.5,0.749789991,0.715602864,0.700601084,0.776057786,0.877053573,0.769619523,0,0.82292985,0.618141842,0.752129166,0.745552175,0.612136536,0.700589027,0.782777797,0.763326301,0
337,0,1,0.5,0.756925079,0.721788274,0.706590618,0.781840968,0.881573405,0.780345236,0,0.792639513,0.586721631,0.705849168,0.701654722,0.578119791,0.660163252,0.744172097,0.71619264,0
338,0,1,0.5,0.751184229,0.702375682,0.701137991,0.787020897,0.88367808,0.782989675,0,0.812145524,0.600258745,0.727880677,0.712512539,0.59297449,0.683425015,0.768321284,0.747697702,0
339,0,1,0.5,0.754712451,0.721195533,0.698413955,0.767755569,0.877191779,0.777940172,0,0.780693135,0.571309582,0.69008862,0.681777996,0.562203871,0.641575494,0.729821041,0.704577159,0
340,0,1,0.5,0.735622478,0.684499995,0.674739543,0.753502908,0.871384543,0.770590581,0,0.7856125,0.569080634,0.695502513,0.676629176,0.561461755,0.645059244,0.736811549,0.719226548,0
341,0,1,0.5,0.786785342,0.743269956,0.729120013,0.805828803,0.897287371,0.814152334,0,0.833932517,0.625582703,0.762249382,0.749712367,0.618120711,0.708004774,0.793699723,0.778825056,0
342,0,1,0,0.756671432,0.717586291,0.691482876,0.758261007,0.875809633,0.782025504,0,0.800534819,0.588811587,0.721605268,0.707664409,0.581401479,0.663912286,0.754885747,0.740355792,0
343,0,1,0.5,0.754745021,0.703606213,0.697234807,0.77906077,0.883279938,0.789112585,0,0.801828613,0.58795257,0.71529062,0.698583776,0.580084201,0.666771385,0.755447116,0.736687394,0
344,0,1,0,0.771243734,0.718436419,0.715527512,0.80045715,0.893678448,0.80622437,0,0.818904621,0.605497244,0.735537478,0.717441106,0.597580574,0.688523183,0.775375512,0.757768087,0
345,0,1,0.25,0.76807796,0.716256317,0.700912153,0.775970084,0.886447503,0.803480529,0,0.798934015,0.583814322,0.714220036,0.696369359,0.575403851,0.658523614,0.751370016,0.736793606,0
346,0,1,0.5,0.737428434,0.695203918,0.687029248,0.767229937,0.873698374,0.765836973,0,0.788014686,0.576035622,0.697896528,0.684930056,0.568047139,0.652086688,0.739493572,0.716229754,0
347,0,1,0.25,0.745115488,0.702795257,0.687292888,0.761963669,0.874259356,0.772951832,0,0.794704163,0.587634663,0.711350483,0.705925235,0.580433309,0.663368107,0.747798103,0.722553024,0
348,0,1,0.5,0.745667696,0.708290327,0.693498696,0.76884413,0.87510807,0.769397785,0,0.801273873,0.592510653,0.721174956,0.711385407,0.585217681,0.669036389,0.755911666,0.736081643,0
349,0,1,0.5,0.737536146,0.693901728,0.685502195,0.765449912,0.874054123,0.768799364,0,0.771197909,0.556317722,0.671377176,0.656065095,0.547065967,0.628683337,0.718365832,0.692544692,0
