﻿<?xml version="1.0" encoding="utf-8"?>
<rdf:RDF xmlns:rdf="http://www.w3.org/1999/02/22-rdf-syntax-ns#" xmlns:cim="http://iec.ch/TC57/2013/CIM-schema-cim16#" xmlns:entsoe="http://entsoe.eu/CIM/SchemaExtension/3/1#" xmlns:md="http://iec.ch/TC57/61970-552/ModelDescription/1#">
  <md:FullModel rdf:about="urn:uuid:27048f37-4dc8-466f-99de-bca51106a0b0">
    <md:Model.created>2014-10-24T14:28:36</md:Model.created>
    <md:Model.scenarioTime>2014-10-24T12:02:49</md:Model.scenarioTime>
    <md:Model.version>2</md:Model.version>
    <md:Model.DependentOn rdf:resource="urn:uuid:34e5b362-7771-4a8f-a5a8-571f76de9f41" />
    <md:Model.description>CGMES Conformity Assessment: 'MicroGridTestConfiguration....T1 (Assembled) Test Configuration. The model is owned by ENTSO-E and is provided by ENTSO-E “as it is”. To the fullest extent permitted by law, ENTSO-E shall not be liable for any damages of any kind arising out of the use of the model (including any of its subsequent modifications). ENTSO-E neither warrants, nor represents that the use of the model will not infringe the rights of third parties. Any use of the model shall  include a reference to ENTSO-E. ENTSO-E web site is the only official source of information related to the model.</md:Model.description>
    <md:Model.modelingAuthoritySet>http://elia.be/CGMES/2.4.15</md:Model.modelingAuthoritySet>
    <md:Model.profile>http://entsoe.eu/CIM/SteadyStateHypothesis/1/1</md:Model.profile>
    <md:Model.Supersedes rdf:resource="urn:uuid:52b712d1-f3b0-4a59-9191-79f2fb1e4c4e" />
  </md:FullModel>
  <cim:Terminal rdf:about="#_699545b9-82b9-4331-bc80-538d73b4ba56">
    <cim:ACDCTerminal.connected>true</cim:ACDCTerminal.connected>
  </cim:Terminal>
  <cim:Terminal rdf:about="#_77f04391-aa23-49b6-b3e9-6089130bb5d5">
    <cim:ACDCTerminal.connected>true</cim:ACDCTerminal.connected>
  </cim:Terminal>
  <cim:Terminal rdf:about="#_05a17350-55f5-4a00-9a50-8c0048a25495">
    <cim:ACDCTerminal.connected>true</cim:ACDCTerminal.connected>
  </cim:Terminal>
  <cim:Terminal rdf:about="#_a4d42d33-ae54-4fe9-ad59-f30da0dfb809">
    <cim:ACDCTerminal.connected>true</cim:ACDCTerminal.connected>
  </cim:Terminal>
  <cim:Terminal rdf:about="#_345d8528-1a7e-4245-92d6-15db7a7e3c86">
    <cim:ACDCTerminal.connected>true</cim:ACDCTerminal.connected>
  </cim:Terminal>
  <cim:Terminal rdf:about="#_907dbcfe-2037-4f84-97f1-6e59f782168e">
    <cim:ACDCTerminal.connected>true</cim:ACDCTerminal.connected>
  </cim:Terminal>
  <cim:Terminal rdf:about="#_4bbaf84d-2437-44e1-a56c-e79723370e77">
    <cim:ACDCTerminal.connected>true</cim:ACDCTerminal.connected>
  </cim:Terminal>
  <cim:Terminal rdf:about="#_b8bca219-a924-434f-8163-50aae6d486a7">
    <cim:ACDCTerminal.connected>true</cim:ACDCTerminal.connected>
  </cim:Terminal>
  <cim:Terminal rdf:about="#_e57dd4ed-5ea0-4374-9b36-40a294a8e2be">
    <cim:ACDCTerminal.connected>true</cim:ACDCTerminal.connected>
  </cim:Terminal>
  <cim:Terminal rdf:about="#_b6e23b90-9c48-4285-ac02-5b68d0c572a6">
    <cim:ACDCTerminal.connected>true</cim:ACDCTerminal.connected>
  </cim:Terminal>
  <cim:Terminal rdf:about="#_529a048e-7681-4e59-aba1-f7474a562cba">
    <cim:ACDCTerminal.connected>true</cim:ACDCTerminal.connected>
  </cim:Terminal>
  <cim:Terminal rdf:about="#_68d47f87-1a1f-4c63-80ca-d3becb4a47f9">
    <cim:ACDCTerminal.connected>true</cim:ACDCTerminal.connected>
  </cim:Terminal>
  <cim:Terminal rdf:about="#_3fa4866b-1714-4be9-afab-3909ae092016">
    <cim:ACDCTerminal.connected>true</cim:ACDCTerminal.connected>
  </cim:Terminal>
  <cim:Terminal rdf:about="#_b741ce25-3f99-4aa8-9b03-d9de0ba6e342">
    <cim:ACDCTerminal.connected>true</cim:ACDCTerminal.connected>
  </cim:Terminal>
  <cim:Terminal rdf:about="#_b501caa7-949f-49c6-b4d4-f50ef3625ede">
    <cim:ACDCTerminal.connected>true</cim:ACDCTerminal.connected>
  </cim:Terminal>
  <cim:Terminal rdf:about="#_fd2867a9-0c57-4cf2-acfb-439c4039b06b">
    <cim:ACDCTerminal.connected>true</cim:ACDCTerminal.connected>
  </cim:Terminal>
  <cim:Terminal rdf:about="#_756dff85-b2c8-4a06-9a4c-4dde854e668b">
    <cim:ACDCTerminal.connected>true</cim:ACDCTerminal.connected>
  </cim:Terminal>
  <cim:Terminal rdf:about="#_3f8b7c82-ca57-401a-9e2d-b719f8c83030">
    <cim:ACDCTerminal.connected>true</cim:ACDCTerminal.connected>
  </cim:Terminal>
  <cim:Terminal rdf:about="#_9f5dbaf3-e384-4e86-9d49-f43c30b4e354">
    <cim:ACDCTerminal.connected>true</cim:ACDCTerminal.connected>
  </cim:Terminal>
  <cim:Terminal rdf:about="#_95f1d705-35fa-4102-ba5b-43dfe7a0e0cc">
    <cim:ACDCTerminal.connected>true</cim:ACDCTerminal.connected>
  </cim:Terminal>
  <cim:Terminal rdf:about="#_5245aa5c-9600-4632-95db-e981a19ed857">
    <cim:ACDCTerminal.connected>true</cim:ACDCTerminal.connected>
  </cim:Terminal>
  <cim:Terminal rdf:about="#_61562178-c201-43c7-b56d-a300ab07c723">
    <cim:ACDCTerminal.connected>true</cim:ACDCTerminal.connected>
  </cim:Terminal>
  <cim:Terminal rdf:about="#_ca7974cf-b25e-4898-9221-7154233e5eb2">
    <cim:ACDCTerminal.connected>true</cim:ACDCTerminal.connected>
  </cim:Terminal>
  <cim:Terminal rdf:about="#_1182d878-2eaa-4eec-91be-ce7b2b1e7f9a">
    <cim:ACDCTerminal.connected>true</cim:ACDCTerminal.connected>
  </cim:Terminal>
  <cim:Terminal rdf:about="#_4c19ace6-c825-4c5b-87d9-031e6e6a3379">
    <cim:ACDCTerminal.connected>true</cim:ACDCTerminal.connected>
  </cim:Terminal>
  <cim:Terminal rdf:about="#_ab7ece75-d726-48c8-a924-b0a9325e6d51">
    <cim:ACDCTerminal.connected>true</cim:ACDCTerminal.connected>
  </cim:Terminal>
  <cim:Terminal rdf:about="#_c3774d3f-f48c-4954-a0cf-b4572eb714fd">
    <cim:ACDCTerminal.connected>true</cim:ACDCTerminal.connected>
  </cim:Terminal>
  <cim:Terminal rdf:about="#_2cd21c77-b8b1-4896-95fb-240f45b9ac89">
    <cim:ACDCTerminal.connected>true</cim:ACDCTerminal.connected>
  </cim:Terminal>
  <cim:Terminal rdf:about="#_beffa353-7d10-421d-9c08-036b744b1cee">
    <cim:ACDCTerminal.connected>true</cim:ACDCTerminal.connected>
  </cim:Terminal>
  <cim:Terminal rdf:about="#_22af3121-1a66-4546-bd80-4371f417c644">
    <cim:ACDCTerminal.connected>true</cim:ACDCTerminal.connected>
  </cim:Terminal>
  <cim:Terminal rdf:about="#_d5e2e58e-ccf6-47d9-b3bb-3088eb7a9b6c">
    <cim:ACDCTerminal.connected>true</cim:ACDCTerminal.connected>
  </cim:Terminal>
  <cim:Terminal rdf:about="#_b9376bea-c75d-49f3-94ca-6a71fa0086a5">
    <cim:ACDCTerminal.connected>true</cim:ACDCTerminal.connected>
  </cim:Terminal>
  <cim:Terminal rdf:about="#_a036b765-1669-4f64-acd3-1e8fbd513312">
    <cim:ACDCTerminal.connected>true</cim:ACDCTerminal.connected>
  </cim:Terminal>
  <cim:Terminal rdf:about="#_cbdf1842-74ed-4fce-a5d4-0296c82cbc92">
    <cim:ACDCTerminal.connected>true</cim:ACDCTerminal.connected>
  </cim:Terminal>
  <cim:Terminal rdf:about="#_ad794c0e-b9ec-420b-ada1-97680e3dde05">
    <cim:ACDCTerminal.connected>true</cim:ACDCTerminal.connected>
  </cim:Terminal>
  <cim:Terminal rdf:about="#_3c6d83a3-b5f9-41a2-a3d9-cf15d903ed0a">
    <cim:ACDCTerminal.connected>true</cim:ACDCTerminal.connected>
  </cim:Terminal>
  <cim:Terminal rdf:about="#_fa9e0f4d-8a2f-45e1-9e36-3611600d1c94">
    <cim:ACDCTerminal.connected>true</cim:ACDCTerminal.connected>
  </cim:Terminal>
  <cim:Terminal rdf:about="#_800ada75-8c8c-4568-aec5-20f799e45f3c">
    <cim:ACDCTerminal.connected>true</cim:ACDCTerminal.connected>
  </cim:Terminal>
  <cim:Terminal rdf:about="#_62fc0a4e-00aa-4bf7-b1a0-3a5b2c0b5492">
    <cim:ACDCTerminal.connected>true</cim:ACDCTerminal.connected>
  </cim:Terminal>
  <cim:Terminal rdf:about="#_65b8c937-9b25-4b9e-addf-602dbc1337f9">
    <cim:ACDCTerminal.connected>true</cim:ACDCTerminal.connected>
  </cim:Terminal>
  <cim:Terminal rdf:about="#_a1b46f53-86f1-497e-bf57-c3b6268bcd6c">
    <cim:ACDCTerminal.connected>true</cim:ACDCTerminal.connected>
  </cim:Terminal>
  <cim:Terminal rdf:about="#_302fe23a-f64d-41bd-8a81-78130433916d">
    <cim:ACDCTerminal.connected>true</cim:ACDCTerminal.connected>
  </cim:Terminal>
  <cim:Terminal rdf:about="#_8f1c492f-a7cc-4160-9a14-54f1743e4850">
    <cim:ACDCTerminal.connected>true</cim:ACDCTerminal.connected>
  </cim:Terminal>
  <cim:EnergyConsumer rdf:about="#_b1480a00-b427-4001-a26c-51954d2bb7e9">
    <cim:EnergyConsumer.p>1.000000</cim:EnergyConsumer.p>
    <cim:EnergyConsumer.q>0e+000</cim:EnergyConsumer.q>
  </cim:EnergyConsumer>
  <cim:EnergyConsumer rdf:about="#_1c6beed6-1acf-42e7-ba55-0cc9f04bddd8">
    <cim:EnergyConsumer.p>200.000000</cim:EnergyConsumer.p>
    <cim:EnergyConsumer.q>50.000000</cim:EnergyConsumer.q>
  </cim:EnergyConsumer>
  <cim:EnergyConsumer rdf:about="#_cb459405-cc14-4215-a45c-416789205904">
    <cim:EnergyConsumer.p>200.000000</cim:EnergyConsumer.p>
    <cim:EnergyConsumer.q>90.000000</cim:EnergyConsumer.q>
  </cim:EnergyConsumer>
  <cim:GeneratingUnit rdf:about="#_18993b11-2966-4bce-bab9-d86103f83b53">
    <cim:GeneratingUnit.normalPF>0e+000</cim:GeneratingUnit.normalPF>
  </cim:GeneratingUnit>
  <cim:SynchronousMachine rdf:about="#_3a3b27be-b18b-4385-b557-6735d733baf0">
    <cim:RotatingMachine.p>-90.000000</cim:RotatingMachine.p>
    <cim:RotatingMachine.q>-100.256000</cim:RotatingMachine.q>
    <cim:SynchronousMachine.operatingMode rdf:resource="http://iec.ch/TC57/2013/CIM-schema-cim16#SynchronousMachineOperatingMode.generator" />
    <cim:SynchronousMachine.referencePriority>0</cim:SynchronousMachine.referencePriority>
    <cim:RegulatingCondEq.controlEnabled>true</cim:RegulatingCondEq.controlEnabled>
  </cim:SynchronousMachine>
  <cim:RatioTapChanger rdf:about="#_83cc66dd-8d93-4a2c-8103-f1f5a9cf7e2e">
    <cim:TapChanger.step>14</cim:TapChanger.step>
    <cim:TapChanger.controlEnabled>true</cim:TapChanger.controlEnabled>
  </cim:RatioTapChanger>
  <cim:RatioTapChanger rdf:about="#_955d9cd0-4a10-4031-b008-60c0dc340a07">
    <cim:TapChanger.step>10</cim:TapChanger.step>
    <cim:TapChanger.controlEnabled>false</cim:TapChanger.controlEnabled>
  </cim:RatioTapChanger>
  <cim:PhaseTapChangerAsymmetrical rdf:about="#_6ebbef67-3061-4236-a6fd-6ccc4595f6c3">
    <cim:TapChanger.step>10</cim:TapChanger.step>
    <cim:TapChanger.controlEnabled>true</cim:TapChanger.controlEnabled>
  </cim:PhaseTapChangerAsymmetrical>
  <cim:LinearShuntCompensator rdf:about="#_002b0a40-3957-46db-b84a-30420083558f">
    <cim:ShuntCompensator.sections>1</cim:ShuntCompensator.sections>
    <cim:RegulatingCondEq.controlEnabled>false</cim:RegulatingCondEq.controlEnabled>
  </cim:LinearShuntCompensator>
  <cim:LinearShuntCompensator rdf:about="#_d771118f-36e9-4115-a128-cc3d9ce3e3da">
    <cim:ShuntCompensator.sections>1</cim:ShuntCompensator.sections>
    <cim:RegulatingCondEq.controlEnabled>false</cim:RegulatingCondEq.controlEnabled>
  </cim:LinearShuntCompensator>
  <cim:Breaker rdf:about="#_6b564930-b5e2-49d3-9d06-e1de28d6fd65">
    <cim:Switch.open>false</cim:Switch.open>
  </cim:Breaker>
  <cim:Breaker rdf:about="#_2922c1dd-4113-466e-8cad-002572f3f557">
    <cim:Switch.open>false</cim:Switch.open>
  </cim:Breaker>
  <cim:Breaker rdf:about="#_fd136c65-d001-41a1-adc7-c5430b5c5e72">
    <cim:Switch.open>false</cim:Switch.open>
  </cim:Breaker>
  <cim:Breaker rdf:about="#_a603d890-5d9d-42ef-98d0-acf47d121c0e">
    <cim:Switch.open>false</cim:Switch.open>
  </cim:Breaker>
  <cim:Breaker rdf:about="#_0a84038e-1952-4d9d-9909-3b49c364a1ac">
    <cim:Switch.open>false</cim:Switch.open>
  </cim:Breaker>
  <cim:Breaker rdf:about="#_ddc148fc-3abd-459d-aec1-396283e0def6">
    <cim:Switch.open>false</cim:Switch.open>
  </cim:Breaker>
  <cim:Breaker rdf:about="#_3b394dab-ab47-4022-98be-8123c6dfe7d4">
    <cim:Switch.open>false</cim:Switch.open>
  </cim:Breaker>
  <cim:Breaker rdf:about="#_38dfcc80-600f-44e2-8f71-fb595b4f00ac">
    <cim:Switch.open>false</cim:Switch.open>
  </cim:Breaker>
  <cim:Breaker rdf:about="#_6e86cd52-4594-435e-92ce-6dc673288ab4">
    <cim:Switch.open>false</cim:Switch.open>
  </cim:Breaker>
  <cim:TapChangerControl rdf:about="#_97110e84-7da6-479c-846c-696fdaa83d56">
    <cim:RegulatingControl.discrete>true</cim:RegulatingControl.discrete>
    <cim:RegulatingControl.targetDeadband>0.500000</cim:RegulatingControl.targetDeadband>
    <cim:RegulatingControl.targetValueUnitMultiplier rdf:resource="http://iec.ch/TC57/2013/CIM-schema-cim16#UnitMultiplier.k" />
    <cim:RegulatingControl.enabled>true</cim:RegulatingControl.enabled>
    <cim:RegulatingControl.targetValue>10.815000</cim:RegulatingControl.targetValue>
  </cim:TapChangerControl>
  <cim:TapChangerControl rdf:about="#_ee42c6c2-39e7-43c2-9bdd-d397c5dc980b">
    <cim:RegulatingControl.discrete>true</cim:RegulatingControl.discrete>
    <cim:RegulatingControl.targetDeadband>0.500000</cim:RegulatingControl.targetDeadband>
    <cim:RegulatingControl.targetValueUnitMultiplier rdf:resource="http://iec.ch/TC57/2013/CIM-schema-cim16#UnitMultiplier.k" />
    <cim:RegulatingControl.enabled>false</cim:RegulatingControl.enabled>
    <cim:RegulatingControl.targetValue>0e+000</cim:RegulatingControl.targetValue>
  </cim:TapChangerControl>
  <cim:TapChangerControl rdf:about="#_5fc492ab-fe33-423b-84f1-a47f87552427">
    <cim:RegulatingControl.discrete>true</cim:RegulatingControl.discrete>
    <cim:RegulatingControl.targetDeadband>35.00000</cim:RegulatingControl.targetDeadband>
    <cim:RegulatingControl.targetValueUnitMultiplier rdf:resource="http://iec.ch/TC57/2013/CIM-schema-cim16#UnitMultiplier.M" />
    <cim:RegulatingControl.enabled>true</cim:RegulatingControl.enabled>
    <cim:RegulatingControl.targetValue>-65.000000</cim:RegulatingControl.targetValue>
  </cim:TapChangerControl>
  <cim:RegulatingControl rdf:about="#_6ba406ce-78cf-4485-9b01-a34e584f1a8d">
    <cim:RegulatingControl.discrete>false</cim:RegulatingControl.discrete>
    <cim:RegulatingControl.targetDeadband>0.500000</cim:RegulatingControl.targetDeadband>
    <cim:RegulatingControl.targetValueUnitMultiplier rdf:resource="http://iec.ch/TC57/2013/CIM-schema-cim16#UnitMultiplier.k" />
    <cim:RegulatingControl.enabled>true</cim:RegulatingControl.enabled>
    <cim:RegulatingControl.targetValue>115.500000</cim:RegulatingControl.targetValue>
  </cim:RegulatingControl>
  <cim:RegulatingControl rdf:about="#_67971e8d-518a-408f-9e59-c7601da9a989">
    <cim:RegulatingControl.discrete>true</cim:RegulatingControl.discrete>
    <cim:RegulatingControl.targetDeadband>0.500000</cim:RegulatingControl.targetDeadband>
    <cim:RegulatingControl.targetValueUnitMultiplier rdf:resource="http://iec.ch/TC57/2013/CIM-schema-cim16#UnitMultiplier.k" />
    <cim:RegulatingControl.enabled>false</cim:RegulatingControl.enabled>
    <cim:RegulatingControl.targetValue>380.000000</cim:RegulatingControl.targetValue>
  </cim:RegulatingControl>
  <cim:RegulatingControl rdf:about="#_4d50f86d-0d12-4ca3-9430-56bb05f9eee6">
    <cim:RegulatingControl.discrete>true</cim:RegulatingControl.discrete>
    <cim:RegulatingControl.targetDeadband>0.500000</cim:RegulatingControl.targetDeadband>
    <cim:RegulatingControl.targetValueUnitMultiplier rdf:resource="http://iec.ch/TC57/2013/CIM-schema-cim16#UnitMultiplier.k" />
    <cim:RegulatingControl.enabled>false</cim:RegulatingControl.enabled>
    <cim:RegulatingControl.targetValue>110.000000</cim:RegulatingControl.targetValue>
  </cim:RegulatingControl>
</rdf:RDF>